GameSeed,GameName,Round,Event,Tick,Turn,PlayerCount,GameID,VillageAtEnd(Village-0),VillageAtEnd(Village-1),VillageAtEnd(Village-2),VillageAtEnd(Village-3),OrderOfPassingSeasons(AUTUMN-OrderOfSeasonPass),OrderOfPassingSeasons(SUMMER-OrderOfSeasonPass),OrderOfPassingSeasons(SPRING-OrderOfSeasonPass),EndScore(Player-1),EndScore(Player-0),EndScore(Player-3),EndScore(Player-2),LocationsAtEnd(Locations),CardsPlayedInSeason(SUMMER-CardsPlayed),CardsPlayedInSeason(WINTER-CardsPlayed),CardsPlayedInSeason(SPRING-CardsPlayed),CardsPlayedInSeason(AUTUMN-CardsPlayed),NumberOfInstancesOfGatheringResourcesPerSeason(WINTER-ResourcesGathered),NumberOfInstancesOfGatheringResourcesPerSeason(SPRING-ResourcesGathered),NumberOfInstancesOfGatheringResourcesPerSeason(SUMMER-ResourcesGathered),NumberOfInstancesOfGatheringResourcesPerSeason(AUTUMN-ResourcesGathered),LocationsPlayedInSeason(AUTUMN-LocationsPlayed),LocationsPlayedInSeason(WINTER-LocationsPlayed),LocationsPlayedInSeason(SUMMER-LocationsPlayed),LocationsPlayedInSeason(SPRING-LocationsPlayed),CardTypesPlayedInSeason(SUMMER-CardTypesPlayed),CardTypesPlayedInSeason(WINTER-CardTypesPlayed),CardTypesPlayedInSeason(SPRING-CardTypesPlayed),CardTypesPlayedInSeason(AUTUMN-CardTypesPlayed)
1535135961,Everdell,0,GAME_OVER,472,135,4,2,"('JUDGE', 'WOOD_CARVER', 'DOCTOR', 'UNIVERSITY', 'TWIG_BARGE', 'WANDERER', 'MINER_MOLE', 'POSTAL_PIGEON', 'HUSBAND', 'FARM', 'PEDDLER', 'STORE_HOUSE', 'FAIRGROUNDS', 'MINER_MOLE', 'MINE', 'RUINS')","('LOOKOUT', 'FARM', 'CHIP_SWEEP', 'BARGE_TOAD', 'HUSBAND', 'HUSBAND', 'FARM', 'FARM', 'TWIG_BARGE', 'WIFE', 'SCHOOL', 'WIFE', 'INN')","('INN', 'RUINS', 'BARGE_TOAD', 'WANDERER', 'HUSBAND', 'CLOCK_TOWER', 'WOOD_CARVER', 'UNDERTAKER', 'STORE_HOUSE', 'BARD', 'POSTAL_PIGEON')","('CHIP_SWEEP', 'RESIN_REFINERY', 'WIFE', 'GENERAL_STORE', 'BARD', 'PEDDLER', 'BARGE_TOAD', 'MONK', 'HISTORIAN', 'PEDDLER', 'SHOP_KEEPER', 'GENERAL_STORE', 'WOOD_CARVER')","(2, 1, 3, 0)","(1, 2, 3, 0)","(1, 3, 2, 0)",43,44,38,34,"(THREE_WOOD-[], TWO_WOOD_ONE_CARD-[2], ONE_BERRY-[1, 0], ONE_BERRY_ONE_CARD-[2], ONE_PEBBLE-[3], TWO_CARD_ONE_POINT-[2, 1, 3, 0], TWO_RESIN-[3], ONE_RESIN_ONE_CARD-[2], TWO_CARDS_ONE_ANY-[3, 1], ONE_TWIG_ONE_RESIN_ONE_BERRY-[1, 0], DISCARD_CARD_DRAW_TWO_FOR_EACH_DISCARDED-[0], TWO_RESIN_ONE_TWIG-[], HAVEN-[3], JOURNEY_2-[1, 2, 3, 0, 0, 1], JOURNEY_3-[2], JOURNEY_4-[], JOURNEY_5-[], PRISTINE_CHAPEL_CEILING-[], UNDER_NEW_MANAGEMENT-[], GRADUATION_OF_SCHOLARS-[], FLYING_DOCTOR_SERVICE-[], ANCIENT_SCROLLS_DISCOVERED-[], REMEMBERING_THE_FALLEN-[], MINISTERING_TO_MISCREANTS-[], THE_EVERDELL_GAMES-[], CROAK_WARE_CURE-[], AN_EVENING_OF_FIREWORKS-[], A_WELL_RUN_CITY-[], PATH_OF_THE_PILGRIMS-[], GREEN_PRODUCTION_EVENT-[], RED_DESTINATION_EVENT-[], BLUE_GOVERNANCE_EVENT-[], TAN_TRAVELER_EVENT-[], INN_DESTINATION-[], STORE_HOUSE_DESTINATION-[], STORE_HOUSE_DESTINATION-[], UNIVERSITY_DESTINATION-[], INN_DESTINATION-[], LOOKOUT_DESTINATION-[]","(PEDDLER:1, WIFE:1, TWIG_BARGE:2, FARM:1, BARD:1, POSTAL_PIGEON:1, WANDERER:1, CLOCK_TOWER:1, WOOD_CARVER:1, BARGE_TOAD:1, MINER_MOLE:1)","(MINE:1, BARD:1, POSTAL_PIGEON:1, INNKEEPER:1, RUINS:1, WOOD_CARVER:1, MINER_MOLE:1)","(PEDDLER:2, FARM:1, CRANE:1, SCHOOL:1, STORE_HOUSE:2, WIFE:1, GENERAL_STORE:1, SHOP_KEEPER:1, UNDERTAKER:1, INN:1, INNKEEPER:2, MONK:1, FAIRGROUNDS:1, HUSBAND:1, HISTORIAN:1)","(CHIP_SWEEP:2, FARM:3, CRANE:2, UNIVERSITY:1, WANDERER:1, JUDGE:1, WOOD_CARVER:1, LOOKOUT:1, BARGE_TOAD:2, WIFE:1, GENERAL_STORE:1, RESIN_REFINERY:1, DOCTOR:1, INN:1, RUINS:2, INNKEEPER:1, HUSBAND:3)","(BERRY:2, TWIG:2, PEBBLE:1, RESIN:4)","(BERRY:2, TWIG:1, PEBBLE:3, RESIN:2)","(BERRY:4, TWIG:3, PEBBLE:1, RESIN:0)","(BERRY:2, TWIG:5, PEBBLE:0, RESIN:1)","(ONE_BERRY:2, TWO_RESIN:1, DISCARD_CARD_DRAW_TWO_FOR_EACH_DISCARDED:1, ONE_PEBBLE:1, JOURNEY_2:6, TWO_CARDS_ONE_ANY:2, JOURNEY_3:1, ONE_RESIN_ONE_CARD:1, ONE_TWIG_ONE_RESIN_ONE_BERRY:2, HAVEN:1, TWO_WOOD_ONE_CARD:1, ONE_BERRY_ONE_CARD:1, TWO_CARD_ONE_POINT:4)","(TWO_RESIN:1, ONE_TWIG_ONE_RESIN_ONE_BERRY:1, HAVEN:2, TWO_CARD_ONE_POINT:4)","(ONE_BERRY:1, TWO_CARDS_ONE_ANY:1, ONE_TWIG_ONE_RESIN_ONE_BERRY:1, HAVEN:1, TWO_WOOD_ONE_CARD:2, TAN_TRAVELER_EVENT:1, DISCARD_CARD_DRAW_TWO_FOR_EACH_DISCARDED:1, ONE_BERRY_ONE_CARD:1, TWO_CARD_ONE_POINT:4, ONE_PEBBLE:2, THREE_WOOD:1)","(ONE_TWIG_ONE_RESIN_ONE_BERRY:1, HAVEN:1, ONE_BERRY_ONE_CARD:1, TWO_CARD_ONE_POINT:4, TWO_RESIN_ONE_TWIG:2, ONE_PEBBLE:1, THREE_WOOD:1, GREEN_PRODUCTION_EVENT:1)","(TAN_TRAVELER:3, PURPLE_PROSPERITY:1, BLUE_GOVERNANCE:1, GREEN_PRODUCTION:7)","(TAN_TRAVELER:3, BLUE_GOVERNANCE:1, GREEN_PRODUCTION:3)","(TAN_TRAVELER:1, PURPLE_PROSPERITY:2, RED_DESTINATION:1, BLUE_GOVERNANCE:5, GREEN_PRODUCTION:9)","(PURPLE_PROSPERITY:1, RED_DESTINATION:3, TAN_TRAVELER:3, BLUE_GOVERNANCE:4, GREEN_PRODUCTION:14)"
820976621,Everdell,0,GAME_OVER,420,127,4,3,"('CHIP_SWEEP', 'STORE_HOUSE', 'WIFE', 'LOOKOUT', 'DOCTOR', 'HISTORIAN', 'SHOP_KEEPER', 'FARM', 'FARM', 'MONK', 'INN', 'RESIN_REFINERY', 'PEDDLER', 'WIFE', 'WOOD_CARVER')","('GENERAL_STORE', 'FARM', 'JUDGE', 'FARM', 'WIFE', 'BARD', 'SHOP_KEEPER', 'WANDERER', 'LOOKOUT', 'UNDERTAKER', 'MONK')","('STORE_HOUSE', 'UNDERTAKER', 'MINER_MOLE', 'MINE', 'ARCHITECT', 'INN', 'RESIN_REFINERY', 'HUSBAND')","('FOOL', 'QUEEN', 'SHEPHERD', 'POSTAL_PIGEON', 'WIFE', 'POSTAL_PIGEON', 'CHIP_SWEEP', 'BARGE_TOAD', 'WANDERER', 'HUSBAND', 'WOOD_CARVER', 'BARGE_TOAD', 'SHOP_KEEPER', 'GENERAL_STORE', 'FAIRGROUNDS', 'POSTAL_PIGEON')","(1, 2, 3, 0)","(2, 1, 3, 0)","(2, 3, 1, 0)",31,45,40,37,"(THREE_WOOD-[1], TWO_WOOD_ONE_CARD-[0, 3], ONE_BERRY-[], ONE_BERRY_ONE_CARD-[1], ONE_PEBBLE-[0], TWO_CARD_ONE_POINT-[1, 2, 0, 3], TWO_RESIN-[], ONE_RESIN_ONE_CARD-[], TWO_CARDS_ONE_ANY-[2], TWO_ANY-[0], TWO_BERRY_ONE_CARD-[1, 3], TWO_RESIN_ONE_TWIG-[2, 1], HAVEN-[], JOURNEY_2-[2, 1, 0, 0, 3, 2, 3], JOURNEY_3-[2], JOURNEY_4-[], JOURNEY_5-[3], A_BRILLIANT_MARKETING_PLAN-[], PRISTINE_CHAPEL_CEILING-[], GRADUATION_OF_SCHOLARS-[], UNDER_NEW_MANAGEMENT-[], MINISTERING_TO_MISCREANTS-[], ANCIENT_SCROLLS_DISCOVERED-[], CAPTURE_OF_THE_ACORN_THIEVES-[], TAX_RELIEF-[], THE_EVERDELL_GAMES-[], CROAK_WARE_CURE-[], AN_EVENING_OF_FIREWORKS-[], PATH_OF_THE_PILGRIMS-[], GREEN_PRODUCTION_EVENT-[], RED_DESTINATION_EVENT-[], BLUE_GOVERNANCE_EVENT-[], TAN_TRAVELER_EVENT-[], LOOKOUT_DESTINATION-[], INN_DESTINATION-[], INN_DESTINATION-[], STORE_HOUSE_DESTINATION-[], LOOKOUT_DESTINATION-[], QUEEN_DESTINATION-[], STORE_HOUSE_DESTINATION-[]","(MINE:1, FARM:2, CRANE:1, ARCHITECT:1, WANDERER:2, WOOD_CARVER:1, BARGE_TOAD:1, BARD:1, SHOP_KEEPER:2, INN:1, INNKEEPER:1, MONK:1, HISTORIAN:1, HUSBAND:1)","(WIFE:1, MONK:1, WOOD_CARVER:1)","(PEDDLER:1, GENERAL_STORE:1, SHOP_KEEPER:1, POSTAL_PIGEON:1, RESIN_REFINERY:2, CRANE:1, UNDERTAKER:1, INN:1, INNKEEPER:1, LOOKOUT:1, FAIRGROUNDS:1, BARGE_TOAD:1, HUSBAND:1)","(SHEPHERD:1, QUEEN:1, CHIP_SWEEP:2, FARM:2, JUDGE:1, LOOKOUT:1, STORE_HOUSE:2, MINER_MOLE:1, WIFE:3, GENERAL_STORE:1, POSTAL_PIGEON:2, DOCTOR:1, UNDERTAKER:1, INNKEEPER:1)","(BERRY:5, TWIG:0, PEBBLE:0, RESIN:0)","(BERRY:1, TWIG:1, PEBBLE:4, RESIN:3)","(BERRY:1, TWIG:1, PEBBLE:0, RESIN:3)","(BERRY:3, TWIG:2, PEBBLE:1, RESIN:4)","(TWO_ANY:1, TWO_CARDS_ONE_ANY:1, JOURNEY_5:1, JOURNEY_3:1, TWO_BERRY_ONE_CARD:2, TWO_WOOD_ONE_CARD:2, ONE_BERRY_ONE_CARD:1, TWO_CARD_ONE_POINT:4, ONE_PEBBLE:1, TWO_RESIN_ONE_TWIG:2, THREE_WOOD:1, JOURNEY_2:7)","(ONE_BERRY:1, TWO_ANY:1, TWO_BERRY_ONE_CARD:1, ONE_BERRY_ONE_CARD:1, TWO_CARD_ONE_POINT:4)","(ONE_BERRY:1, TWO_RESIN:1, TWO_BERRY_ONE_CARD:2, HAVEN:1, TAN_TRAVELER_EVENT:1, TWO_WOOD_ONE_CARD:2, ONE_BERRY_ONE_CARD:1, TWO_CARD_ONE_POINT:4, TWO_RESIN_ONE_TWIG:1, ONE_PEBBLE:1, GREEN_PRODUCTION_EVENT:1)","(TWO_ANY:2, ONE_BERRY:2, TWO_BERRY_ONE_CARD:2, TWO_CARD_ONE_POINT:4, ONE_PEBBLE:1, THREE_WOOD:1)","(PURPLE_PROSPERITY:1, TAN_TRAVELER:3, RED_DESTINATION:1, BLUE_GOVERNANCE:5, GREEN_PRODUCTION:7)","(PURPLE_PROSPERITY:1, GREEN_PRODUCTION:2)","(RED_DESTINATION:2, TAN_TRAVELER:2, BLUE_GOVERNANCE:3, GREEN_PRODUCTION:7)","(RED_DESTINATION:2, PURPLE_PROSPERITY:3, TAN_TRAVELER:4, BLUE_GOVERNANCE:2, GREEN_PRODUCTION:9)"
1566276464,Everdell,0,GAME_OVER,384,111,4,4,"('UNDERTAKER', 'FARM', 'RUINS', 'WIFE', 'STORE_HOUSE', 'MINER_MOLE', 'RESIN_REFINERY', 'MINE', 'ARCHITECT', 'WOOD_CARVER', 'INN')","('HISTORIAN', 'MONASTERY', 'RUINS', 'HUSBAND', 'FARM', 'STORE_HOUSE', 'WIFE', 'LOOKOUT', 'CLOCK_TOWER', 'BARGE_TOAD', 'TWIG_BARGE', 'PEDDLER', 'RUINS')","('FARM', 'WOOD_CARVER', 'CLOCK_TOWER', 'HUSBAND')","('FOOL', 'LOOKOUT', 'MONK', 'BARGE_TOAD', 'GENERAL_STORE', 'WOOD_CARVER', 'POSTAL_PIGEON', 'GENERAL_STORE')","(3, 2, 0, 1)","(3, 0, 2, 1)","(3, 0, 2, 1)",32,38,27,28,"(THREE_WOOD-[], TWO_WOOD_ONE_CARD-[2, 3], ONE_BERRY-[], ONE_BERRY_ONE_CARD-[0], ONE_PEBBLE-[1], TWO_CARD_ONE_POINT-[3, 2, 0, 1], TWO_RESIN-[1], ONE_RESIN_ONE_CARD-[], ONE_TWIG_ONE_RESIN_ONE_BERRY-[1, 0], DISCARD_UP_TO_THREE_GAIN_ONE_ANY_FOR_EACH_CARD_DISCARDED-[], THREE_CARDS_ONE_PEBBLE-[3, 2], DRAW_TWO_MEADOW_CARDS_PLAY_ONE_DISCOUNT-[0], HAVEN-[], JOURNEY_2-[1, 2, 3, 1, 2, 0], JOURNEY_3-[0], JOURNEY_4-[3], JOURNEY_5-[2], A_BRILLIANT_MARKETING_PLAN-[], UNDER_NEW_MANAGEMENT-[], ANCIENT_SCROLLS_DISCOVERED-[], FLYING_DOCTOR_SERVICE-[], MINISTERING_TO_MISCREANTS-[], CAPTURE_OF_THE_ACORN_THIEVES-[], TAX_RELIEF-[], PERFORMER_IN_RESIDENCE-[], CROAK_WARE_CURE-[], A_WELL_RUN_CITY-[], AN_EVENING_OF_FIREWORKS-[], PATH_OF_THE_PILGRIMS-[], GREEN_PRODUCTION_EVENT-[3], RED_DESTINATION_EVENT-[], BLUE_GOVERNANCE_EVENT-[], TAN_TRAVELER_EVENT-[], INN_DESTINATION-[], LOOKOUT_DESTINATION-[], STORE_HOUSE_DESTINATION-[], LOOKOUT_DESTINATION-[], STORE_HOUSE_DESTINATION-[], MONASTERY_DESTINATION-[]","(MINE:1, WIFE:1, GENERAL_STORE:1, POSTAL_PIGEON:1, CRANE:1, ARCHITECT:1, WOOD_CARVER:2, STORE_HOUSE:1, BARGE_TOAD:1)","(PEDDLER:1, TWIG_BARGE:1, CRANE:1, INN:1, INNKEEPER:1, RUINS:1, BARGE_TOAD:1, HUSBAND:1)","(GENERAL_STORE:1, CLOCK_TOWER:2, WOOD_CARVER:1, LOOKOUT:1)","(FARM:3, MONASTERY:1, CRANE:1, SCHOOL:1, STORE_HOUSE:1, LOOKOUT:1, MINER_MOLE:1, WIFE:1, RESIN_REFINERY:1, UNDERTAKER:1, RUINS:2, INNKEEPER:1, MONK:1, FAIRGROUNDS:1, HISTORIAN:1, HUSBAND:1)","(BERRY:1, TWIG:2, PEBBLE:2, RESIN:1)","(BERRY:3, TWIG:4, PEBBLE:2, RESIN:2)","(BERRY:2, TWIG:0, PEBBLE:0, RESIN:4)","(BERRY:3, TWIG:2, PEBBLE:1, RESIN:3)","(JOURNEY_5:1, TWO_RESIN:1, JOURNEY_3:1, ONE_TWIG_ONE_RESIN_ONE_BERRY:2, TWO_WOOD_ONE_CARD:2, ONE_BERRY_ONE_CARD:1, TWO_CARD_ONE_POINT:4, ONE_PEBBLE:1, THREE_CARDS_ONE_PEBBLE:2, DRAW_TWO_MEADOW_CARDS_PLAY_ONE_DISCOUNT:1, JOURNEY_2:6, GREEN_PRODUCTION_EVENT:1, JOURNEY_4:1)","(ONE_BERRY:1, ONE_RESIN_ONE_CARD:1, DISCARD_UP_TO_THREE_GAIN_ONE_ANY_FOR_EACH_CARD_DISCARDED:1, TWO_CARD_ONE_POINT:4, ONE_PEBBLE:1)","(ONE_BERRY:2, TWO_RESIN:2, ONE_TWIG_ONE_RESIN_ONE_BERRY:2, DISCARD_UP_TO_THREE_GAIN_ONE_ANY_FOR_EACH_CARD_DISCARDED:1, TWO_CARD_ONE_POINT:4, THREE_CARDS_ONE_PEBBLE:1, ONE_PEBBLE:1, THREE_WOOD:1, DRAW_TWO_MEADOW_CARDS_PLAY_ONE_DISCOUNT:2)","(ONE_TWIG_ONE_RESIN_ONE_BERRY:2, DISCARD_UP_TO_THREE_GAIN_ONE_ANY_FOR_EACH_CARD_DISCARDED:1, TWO_CARD_ONE_POINT:4, THREE_CARDS_ONE_PEBBLE:1, THREE_WOOD:1, DRAW_TWO_MEADOW_CARDS_PLAY_ONE_DISCOUNT:3)","(PURPLE_PROSPERITY:2, TAN_TRAVELER:1, BLUE_GOVERNANCE:1, GREEN_PRODUCTION:6)","(RED_DESTINATION:1, TAN_TRAVELER:1, BLUE_GOVERNANCE:2, GREEN_PRODUCTION:4)","(RED_DESTINATION:1, BLUE_GOVERNANCE:2, GREEN_PRODUCTION:2)","(TAN_TRAVELER:3, PURPLE_PROSPERITY:2, RED_DESTINATION:2, BLUE_GOVERNANCE:3, GREEN_PRODUCTION:9)"
-1861244033,Everdell,0,GAME_OVER,296,103,4,5,"('RESIN_REFINERY', 'UNDERTAKER', 'RESIN_REFINERY', 'WANDERER', 'LOOKOUT', 'HUSBAND', 'WIFE')","('HISTORIAN', 'POSTAL_PIGEON', 'FARM', 'WOOD_CARVER', 'MONK', 'HUSBAND', 'FARM', 'WOOD_CARVER')","('RUINS', 'MINER_MOLE', 'WIFE', 'STORE_HOUSE', 'BARD', 'INN', 'FAIRGROUNDS')","('THEATRE', 'BARGE_TOAD', 'SHOP_KEEPER', 'HISTORIAN', 'BARD')","(3, 1, 2, 0)","(2, 1, 3, 0)","(2, 3, 0, 1)",32,19,29,25,"(THREE_WOOD-[], TWO_WOOD_ONE_CARD-[2, 1, 3], ONE_BERRY-[], ONE_BERRY_ONE_CARD-[3], ONE_PEBBLE-[3], TWO_CARD_ONE_POINT-[3, 1, 2, 0], TWO_RESIN-[], ONE_RESIN_ONE_CARD-[2], ONE_TWIG_ONE_RESIN_ONE_BERRY-[], TWO_BERRY_ONE_CARD-[1, 2], DISCARD_UP_TO_THREE_GAIN_ONE_ANY_FOR_EACH_CARD_DISCARDED-[2], TWO_RESIN_ONE_TWIG-[0], HAVEN-[0, 0, 1], JOURNEY_2-[3, 3, 1, 0, 0], JOURNEY_3-[2], JOURNEY_4-[], JOURNEY_5-[1], PRISTINE_CHAPEL_CEILING-[], UNDER_NEW_MANAGEMENT-[], GRADUATION_OF_SCHOLARS-[], FLYING_DOCTOR_SERVICE-[], MINISTERING_TO_MISCREANTS-[], ANCIENT_SCROLLS_DISCOVERED-[], REMEMBERING_THE_FALLEN-[], CAPTURE_OF_THE_ACORN_THIEVES-[], TAX_RELIEF-[], PERFORMER_IN_RESIDENCE-[], THE_EVERDELL_GAMES-[], AN_EVENING_OF_FIREWORKS-[], GREEN_PRODUCTION_EVENT-[], RED_DESTINATION_EVENT-[], BLUE_GOVERNANCE_EVENT-[], TAN_TRAVELER_EVENT-[], LOOKOUT_DESTINATION-[], INN_DESTINATION-[], STORE_HOUSE_DESTINATION-[]","(BARD:1, SHOP_KEEPER:1, RESIN_REFINERY:2, UNDERTAKER:1, INN:1, MONK:1, STORE_HOUSE:1, HUSBAND:1)","(WIFE:1, WOOD_CARVER:1)","(FARM:1, BARD:1, WANDERER:1, INNKEEPER:1, LOOKOUT:1, FAIRGROUNDS:1, HISTORIAN:1, HUSBAND:1)","(WIFE:1, FARM:2, POSTAL_PIGEON:1, RUINS:1, WOOD_CARVER:1, THEATRE:1, BARGE_TOAD:1, MINER_MOLE:1, HISTORIAN:1)","(BERRY:3, TWIG:0, PEBBLE:1, RESIN:0)","(BERRY:1, TWIG:3, PEBBLE:1, RESIN:3)","(BERRY:2, TWIG:2, PEBBLE:0, RESIN:2)","(BERRY:1, TWIG:1, PEBBLE:1, RESIN:4)","(JOURNEY_5:1, JOURNEY_3:1, ONE_RESIN_ONE_CARD:1, DISCARD_UP_TO_THREE_GAIN_ONE_ANY_FOR_EACH_CARD_DISCARDED:1, TWO_BERRY_ONE_CARD:2, HAVEN:3, TWO_WOOD_ONE_CARD:3, ONE_BERRY_ONE_CARD:1, TWO_CARD_ONE_POINT:4, TWO_RESIN_ONE_TWIG:1, ONE_PEBBLE:1, JOURNEY_2:5)","(TWO_BERRY_ONE_CARD:2, HAVEN:1, TWO_CARD_ONE_POINT:4, ONE_PEBBLE:1)","(TWO_RESIN:1, ONE_TWIG_ONE_RESIN_ONE_BERRY:1, TWO_BERRY_ONE_CARD:3, HAVEN:1, ONE_BERRY_ONE_CARD:1, TWO_CARD_ONE_POINT:4, ONE_PEBBLE:2, TWO_RESIN_ONE_TWIG:1, THREE_WOOD:1, GREEN_PRODUCTION_EVENT:1)","(TWO_RESIN:1, ONE_RESIN_ONE_CARD:1, ONE_TWIG_ONE_RESIN_ONE_BERRY:1, TWO_BERRY_ONE_CARD:1, ONE_BERRY_ONE_CARD:1, TWO_CARD_ONE_POINT:4, ONE_PEBBLE:1, TWO_RESIN_ONE_TWIG:1, THREE_WOOD:1)","(TAN_TRAVELER:2, RED_DESTINATION:1, BLUE_GOVERNANCE:1, GREEN_PRODUCTION:5)","(PURPLE_PROSPERITY:1, GREEN_PRODUCTION:1)","(RED_DESTINATION:1, TAN_TRAVELER:2, BLUE_GOVERNANCE:2, GREEN_PRODUCTION:3)","(TAN_TRAVELER:2, PURPLE_PROSPERITY:2, BLUE_GOVERNANCE:1, GREEN_PRODUCTION:5)"
1047558876,Everdell,0,GAME_OVER,429,122,4,6,"('HISTORIAN', 'FARM', 'TWIG_BARGE', 'LOOKOUT', 'ARCHITECT', 'QUEEN', 'SHOP_KEEPER', 'FARM', 'WOOD_CARVER', 'HUSBAND', 'JUDGE', 'INN', 'POSTAL_PIGEON')","('CEMETERY', 'WIFE', 'WANDERER', 'FARM', 'MINER_MOLE', 'SHEPHERD', 'WIFE', 'POSTAL_PIGEON', 'DOCTOR', 'UNIVERSITY', 'JUDGE', 'MONK')","('HISTORIAN', 'MINE', 'PEDDLER', 'CLOCK_TOWER', 'BARD', 'WANDERER', 'UNDERTAKER', 'SHOP_KEEPER', 'CHIP_SWEEP', 'WIFE', 'RUINS')","('CLOCK_TOWER', 'BARGE_TOAD', 'BARGE_TOAD', 'SHOP_KEEPER', 'PEDDLER', 'SHEPHERD', 'RUINS', 'BARD', 'POSTAL_PIGEON', 'HUSBAND')","(2, 1, 0, 3)","(2, 0, 1, 3)","(0, 1, 2, 3)",37,39,34,30,"(THREE_WOOD-[2], TWO_WOOD_ONE_CARD-[1, 2], ONE_BERRY-[], ONE_BERRY_ONE_CARD-[1], ONE_PEBBLE-[3], TWO_CARD_ONE_POINT-[2, 1, 0, 3], TWO_RESIN-[0], ONE_RESIN_ONE_CARD-[0, 2, 3], TWO_ANY-[0], DISCARD_UP_TO_THREE_GAIN_ONE_ANY_FOR_EACH_CARD_DISCARDED-[1], THREE_BERRY-[], DISCARD_CARD_DRAW_TWO_FOR_EACH_DISCARDED-[3], HAVEN-[2], JOURNEY_2-[1, 2, 1, 3, 0], JOURNEY_3-[3], JOURNEY_4-[0], JOURNEY_5-[], A_BRILLIANT_MARKETING_PLAN-[], PRISTINE_CHAPEL_CEILING-[], GRADUATION_OF_SCHOLARS-[], UNDER_NEW_MANAGEMENT-[], FLYING_DOCTOR_SERVICE-[], ANCIENT_SCROLLS_DISCOVERED-[], MINISTERING_TO_MISCREANTS-[], TAX_RELIEF-[], CROAK_WARE_CURE-[], A_WELL_RUN_CITY-[], AN_EVENING_OF_FIREWORKS-[], PATH_OF_THE_PILGRIMS-[], GREEN_PRODUCTION_EVENT-[], RED_DESTINATION_EVENT-[], BLUE_GOVERNANCE_EVENT-[], TAN_TRAVELER_EVENT-[], INN_DESTINATION-[], UNIVERSITY_DESTINATION-[], QUEEN_DESTINATION-[], LOOKOUT_DESTINATION-[], CEMETERY_DESTINATION-[]","(SHEPHERD:1, QUEEN:1, WIFE:1, FARM:1, BARD:1, SHOP_KEEPER:2, POSTAL_PIGEON:1, UNDERTAKER:1, WANDERER:1, WOOD_CARVER:1, BARGE_TOAD:2, MINER_MOLE:1)","(POSTAL_PIGEON:1, INN:1, INNKEEPER:1, RUINS:1, MONK:1, HUSBAND:1)","(PEDDLER:1, SHEPHERD:1, CHIP_SWEEP:1, CRANE:1, UNIVERSITY:1, JUDGE:2, WIFE:1, SHOP_KEEPER:1, BARD:1, POSTAL_PIGEON:1, DOCTOR:1, RUINS:1, INNKEEPER:2, HUSBAND:1)","(PEDDLER:1, MINE:1, WIFE:1, TWIG_BARGE:1, FARM:2, WANDERER:1, ARCHITECT:1, CEMETERY:1, CLOCK_TOWER:2, LOOKOUT:1, HISTORIAN:2)","(BERRY:5, TWIG:0, PEBBLE:0, RESIN:0)","(BERRY:2, TWIG:0, PEBBLE:1, RESIN:1)","(BERRY:1, TWIG:2, PEBBLE:2, RESIN:1)","(BERRY:0, TWIG:2, PEBBLE:5, RESIN:3)","(TWO_ANY:1, TWO_RESIN:1, DISCARD_UP_TO_THREE_GAIN_ONE_ANY_FOR_EACH_CARD_DISCARDED:1, DISCARD_CARD_DRAW_TWO_FOR_EACH_DISCARDED:1, ONE_PEBBLE:1, JOURNEY_4:1, JOURNEY_2:5, JOURNEY_3:1, ONE_RESIN_ONE_CARD:3, HAVEN:1, TWO_WOOD_ONE_CARD:2, ONE_BERRY_ONE_CARD:1, TWO_CARD_ONE_POINT:4, THREE_WOOD:1)","(ONE_BERRY:1, THREE_BERRY:2, ONE_BERRY_ONE_CARD:1, TWO_CARD_ONE_POINT:4)","(ONE_BERRY:2, TWO_ANY:2, DISCARD_UP_TO_THREE_GAIN_ONE_ANY_FOR_EACH_CARD_DISCARDED:1, THREE_BERRY:2, TWO_WOOD_ONE_CARD:1, ONE_BERRY_ONE_CARD:1, TWO_CARD_ONE_POINT:4, ONE_PEBBLE:1, THREE_WOOD:1, GREEN_PRODUCTION_EVENT:1)","(ONE_BERRY:1, TWO_RESIN:1, THREE_BERRY:3, TAN_TRAVELER_EVENT:1, ONE_BERRY_ONE_CARD:1, TWO_CARD_ONE_POINT:4, ONE_PEBBLE:1)","(RED_DESTINATION:1, PURPLE_PROSPERITY:1, TAN_TRAVELER:5, BLUE_GOVERNANCE:2, GREEN_PRODUCTION:5)","(RED_DESTINATION:1, TAN_TRAVELER:2, BLUE_GOVERNANCE:1, GREEN_PRODUCTION:2)","(RED_DESTINATION:1, TAN_TRAVELER:4, PURPLE_PROSPERITY:1, BLUE_GOVERNANCE:6, GREEN_PRODUCTION:4)","(RED_DESTINATION:2, TAN_TRAVELER:1, PURPLE_PROSPERITY:2, BLUE_GOVERNANCE:4, GREEN_PRODUCTION:5)"
-731568362,Everdell,0,GAME_OVER,441,122,4,7,"('CHIP_SWEEP', 'LOOKOUT', 'WANDERER', 'WANDERER', 'FARM', 'HUSBAND', 'INN', 'CHIP_SWEEP', 'RESIN_REFINERY', 'PEDDLER', 'RUINS')","('SHOP_KEEPER', 'MINER_MOLE', 'GENERAL_STORE', 'MONK', 'BARGE_TOAD', 'HISTORIAN', 'WANDERER', 'SHEPHERD', 'STORE_HOUSE', 'CLOCK_TOWER', 'POSTAL_PIGEON', 'WIFE')","('BARGE_TOAD', 'UNDERTAKER', 'FARM', 'PEDDLER', 'KING', 'SHEPHERD', 'TWIG_BARGE', 'HISTORIAN', 'CHAPEL', 'POSTAL_PIGEON', 'RUINS', 'BARD')","('UNIVERSITY', 'MINER_MOLE', 'RUINS', 'BARGE_TOAD', 'HISTORIAN', 'WOOD_CARVER', 'CHIP_SWEEP', 'MONK', 'HUSBAND', 'WOOD_CARVER', 'WIFE', 'FARM')","(2, 0, 3, 1)","(2, 0, 3, 1)","(1, 2, 0, 3)",32,34,41,41,"(THREE_WOOD-[], TWO_WOOD_ONE_CARD-[], ONE_BERRY-[], ONE_BERRY_ONE_CARD-[2], ONE_PEBBLE-[], TWO_CARD_ONE_POINT-[2, 0, 3, 1], TWO_RESIN-[], ONE_RESIN_ONE_CARD-[], THREE_BERRY-[0, 1], DISCARD_CARD_DRAW_TWO_FOR_EACH_DISCARDED-[], THREE_CARDS_ONE_PEBBLE-[0, 3], DRAW_TWO_MEADOW_CARDS_PLAY_ONE_DISCOUNT-[2, 3], HAVEN-[1, 1], JOURNEY_2-[2, 2, 0, 3, 1, 0, 1, 2, 3], JOURNEY_3-[0], JOURNEY_4-[3], JOURNEY_5-[], PRISTINE_CHAPEL_CEILING-[], UNDER_NEW_MANAGEMENT-[], GRADUATION_OF_SCHOLARS-[], FLYING_DOCTOR_SERVICE-[], REMEMBERING_THE_FALLEN-[], MINISTERING_TO_MISCREANTS-[], TAX_RELIEF-[], PERFORMER_IN_RESIDENCE-[], THE_EVERDELL_GAMES-[], CROAK_WARE_CURE-[], A_WELL_RUN_CITY-[], PATH_OF_THE_PILGRIMS-[], GREEN_PRODUCTION_EVENT-[], RED_DESTINATION_EVENT-[], BLUE_GOVERNANCE_EVENT-[], TAN_TRAVELER_EVENT-[], CHAPEL_DESTINATION-[], STORE_HOUSE_DESTINATION-[], INN_DESTINATION-[], LOOKOUT_DESTINATION-[], UNIVERSITY_DESTINATION-[]","(GENERAL_STORE:1, FARM:1, WANDERER:1, MONK:1, WOOD_CARVER:1, BARGE_TOAD:1, HISTORIAN:1, HUSBAND:1)","(PEDDLER:1, WIFE:2, FARM:1, BARD:1, CRANE:1, RUINS:1, INNKEEPER:1)","(SHEPHERD:1, CHIP_SWEEP:2, CRANE:1, WANDERER:1, WOOD_CARVER:1, CLOCK_TOWER:1, STORE_HOUSE:1, CHAPEL:1, POSTAL_PIGEON:2, RESIN_REFINERY:1, INN:1, RUINS:1, INNKEEPER:2, MONK:1, HISTORIAN:1, HUSBAND:1)","(PEDDLER:1, SHEPHERD:1, CHIP_SWEEP:1, FARM:1, UNIVERSITY:1, WANDERER:1, LOOKOUT:1, BARGE_TOAD:2, MINER_MOLE:2, TWIG_BARGE:2, SHOP_KEEPER:1, UNDERTAKER:1, INNKEEPER:1, RUINS:1, KING:1, HISTORIAN:1)","(BERRY:2, TWIG:0, PEBBLE:1, RESIN:0)","(BERRY:4, TWIG:1, PEBBLE:1, RESIN:2)","(BERRY:1, TWIG:1, PEBBLE:1, RESIN:1)","(BERRY:2, TWIG:4, PEBBLE:1, RESIN:2)","(JOURNEY_3:1, THREE_BERRY:2, HAVEN:2, ONE_BERRY_ONE_CARD:1, TWO_CARD_ONE_POINT:4, THREE_CARDS_ONE_PEBBLE:2, JOURNEY_4:1, DRAW_TWO_MEADOW_CARDS_PLAY_ONE_DISCOUNT:2, JOURNEY_2:9)","(THREE_BERRY:1, TWO_CARD_ONE_POINT:4, ONE_PEBBLE:1, DRAW_TWO_MEADOW_CARDS_PLAY_ONE_DISCOUNT:2)","(ONE_BERRY:2, THREE_BERRY:3, HAVEN:1, TWO_WOOD_ONE_CARD:2, ONE_BERRY_ONE_CARD:1, TWO_CARD_ONE_POINT:4, THREE_CARDS_ONE_PEBBLE:1, DRAW_TWO_MEADOW_CARDS_PLAY_ONE_DISCOUNT:2)","(ONE_RESIN_ONE_CARD:1, THREE_BERRY:2, TAN_TRAVELER_EVENT:1, TWO_WOOD_ONE_CARD:1, DISCARD_CARD_DRAW_TWO_FOR_EACH_DISCARDED:1, TWO_CARD_ONE_POINT:4, ONE_PEBBLE:1, GREEN_PRODUCTION_EVENT:1)","(TAN_TRAVELER:1, BLUE_GOVERNANCE:1, GREEN_PRODUCTION:6)","(PURPLE_PROSPERITY:2, TAN_TRAVELER:2, BLUE_GOVERNANCE:2, GREEN_PRODUCTION:2)","(RED_DESTINATION:2, TAN_TRAVELER:5, BLUE_GOVERNANCE:5, GREEN_PRODUCTION:7)","(RED_DESTINATION:2, PURPLE_PROSPERITY:1, TAN_TRAVELER:4, BLUE_GOVERNANCE:3, GREEN_PRODUCTION:9)"
-1138862362,Everdell,0,GAME_OVER,324,106,4,8,"('SHOP_KEEPER', 'FARM', 'HUSBAND', 'FAIRGROUNDS', 'STORE_HOUSE', 'WIFE')","('HUSBAND', 'HISTORIAN', 'WOOD_CARVER')","('WANDERER', 'SCHOOL', 'INN', 'HISTORIAN', 'WOOD_CARVER')","('MONASTERY', 'RUINS', 'BARGE_TOAD', 'GENERAL_STORE', 'HUSBAND', 'SHEPHERD', 'JUDGE', 'DUNGEON', 'PEDDLER', 'ARCHITECT', 'SHOP_KEEPER', 'MONK', 'RUINS')","(1, 0, 2, 3)","(1, 2, 3, 0)","(1, 2, 3, 0)",28,27,31,29,"(THREE_WOOD-[0], TWO_WOOD_ONE_CARD-[1], ONE_BERRY-[2], ONE_BERRY_ONE_CARD-[2], ONE_PEBBLE-[], TWO_CARD_ONE_POINT-[1, 0, 3, 2], TWO_RESIN-[], ONE_RESIN_ONE_CARD-[], ONE_TWIG_ONE_RESIN_ONE_BERRY-[0], COPY_BASIC_LOCATION_DRAW_CARD-[1, 3], TWO_BERRY_ONE_CARD-[0, 3], TWO_RESIN_ONE_TWIG-[], HAVEN-[3], JOURNEY_2-[0, 2, 1, 0, 1, 3, 2], JOURNEY_3-[3], JOURNEY_4-[2], JOURNEY_5-[1], PRISTINE_CHAPEL_CEILING-[], UNDER_NEW_MANAGEMENT-[], GRADUATION_OF_SCHOLARS-[], MINISTERING_TO_MISCREANTS-[], FLYING_DOCTOR_SERVICE-[], ANCIENT_SCROLLS_DISCOVERED-[], REMEMBERING_THE_FALLEN-[], PERFORMER_IN_RESIDENCE-[], CROAK_WARE_CURE-[], A_WELL_RUN_CITY-[], AN_EVENING_OF_FIREWORKS-[], PATH_OF_THE_PILGRIMS-[], GREEN_PRODUCTION_EVENT-[], RED_DESTINATION_EVENT-[], BLUE_GOVERNANCE_EVENT-[], TAN_TRAVELER_EVENT-[], STORE_HOUSE_DESTINATION-[], INN_DESTINATION-[], MONASTERY_DESTINATION-[]","(SHOP_KEEPER:1, ARCHITECT:1, SCHOOL:1, INN:1, INNKEEPER:1, FAIRGROUNDS:1, HUSBAND:1)","(WIFE:1, RUINS:1, INNKEEPER:1, WOOD_CARVER:2)","(MONK:1, STORE_HOUSE:1, HISTORIAN:2)","(PEDDLER:1, SHEPHERD:1, WIFE:1, GENERAL_STORE:1, FARM:2, DUNGEON:1, SHOP_KEEPER:1, MONASTERY:1, WANDERER:1, RUINS:1, JUDGE:1, BARGE_TOAD:1, HUSBAND:2)","(BERRY:3, TWIG:1, PEBBLE:0, RESIN:1)","(BERRY:1, TWIG:1, PEBBLE:1, RESIN:2)","(BERRY:1, TWIG:3, PEBBLE:0, RESIN:3)","(BERRY:3, TWIG:4, PEBBLE:2, RESIN:0)","(ONE_BERRY:1, JOURNEY_5:1, JOURNEY_3:1, ONE_TWIG_ONE_RESIN_ONE_BERRY:1, COPY_BASIC_LOCATION_DRAW_CARD:2, TWO_BERRY_ONE_CARD:2, HAVEN:1, TWO_WOOD_ONE_CARD:1, ONE_BERRY_ONE_CARD:1, TWO_CARD_ONE_POINT:4, THREE_WOOD:1, JOURNEY_4:1, JOURNEY_2:7)","(ONE_TWIG_ONE_RESIN_ONE_BERRY:1, COPY_BASIC_LOCATION_DRAW_CARD:1, TWO_BERRY_ONE_CARD:2, TWO_CARD_ONE_POINT:4)","(TWO_RESIN:1, ONE_RESIN_ONE_CARD:1, COPY_BASIC_LOCATION_DRAW_CARD:3, TWO_BERRY_ONE_CARD:2, TWO_WOOD_ONE_CARD:1, TWO_CARD_ONE_POINT:4, TWO_RESIN_ONE_TWIG:2, ONE_PEBBLE:1, THREE_WOOD:1)","(ONE_TWIG_ONE_RESIN_ONE_BERRY:1, COPY_BASIC_LOCATION_DRAW_CARD:2, TWO_BERRY_ONE_CARD:2, HAVEN:1, TWO_CARD_ONE_POINT:4, TWO_RESIN_ONE_TWIG:1, ONE_PEBBLE:1)","(PURPLE_PROSPERITY:2, RED_DESTINATION:1, BLUE_GOVERNANCE:2, GREEN_PRODUCTION:2)","(PURPLE_PROSPERITY:1, TAN_TRAVELER:1, BLUE_GOVERNANCE:1, GREEN_PRODUCTION:2)","(BLUE_GOVERNANCE:2, GREEN_PRODUCTION:2)","(RED_DESTINATION:1, PURPLE_PROSPERITY:1, TAN_TRAVELER:3, BLUE_GOVERNANCE:3, GREEN_PRODUCTION:7)"
-1889020196,Everdell,0,GAME_OVER,362,108,4,9,"('WIFE', 'HUSBAND', 'UNIVERSITY', 'WANDERER', 'PEDDLER', 'RUINS', 'HUSBAND', 'POSTAL_PIGEON')","('SCHOOL', 'BARGE_TOAD', 'WANDERER', 'HISTORIAN', 'MONK', 'BARD', 'POSTAL_PIGEON')","('BARGE_TOAD', 'HISTORIAN', 'SHOP_KEEPER', 'WIFE', 'WOOD_CARVER')","('BARGE_TOAD', 'MINER_MOLE', 'WANDERER', 'JUDGE', 'COURTHOUSE', 'ARCHITECT', 'FAIRGROUNDS', 'POSTAL_PIGEON', 'RUINS', 'CHIP_SWEEP', 'SHOP_KEEPER', 'RESIN_REFINERY', 'INN', 'MONK', 'PEDDLER', 'RUINS')","(2, 3, 1, 0)","(2, 1, 3, 0)","(2, 0, 1, 3)",37,29,43,28,"(THREE_WOOD-[], TWO_WOOD_ONE_CARD-[3, 1, 0], ONE_BERRY-[], ONE_BERRY_ONE_CARD-[], ONE_PEBBLE-[3], TWO_CARD_ONE_POINT-[2, 3, 1, 0], TWO_RESIN-[1], ONE_RESIN_ONE_CARD-[], COPY_BASIC_LOCATION_DRAW_CARD-[0, 3], TWO_BERRY_ONE_CARD-[2, 1], DISCARD_CARD_DRAW_TWO_FOR_EACH_DISCARDED-[], DRAW_TWO_MEADOW_CARDS_PLAY_ONE_DISCOUNT-[2, 0], HAVEN-[], JOURNEY_2-[2, 3, 2, 3, 1, 2, 0], JOURNEY_3-[], JOURNEY_4-[0], JOURNEY_5-[1], A_BRILLIANT_MARKETING_PLAN-[], PRISTINE_CHAPEL_CEILING-[], GRADUATION_OF_SCHOLARS-[], REMEMBERING_THE_FALLEN-[], MINISTERING_TO_MISCREANTS-[], FLYING_DOCTOR_SERVICE-[], CAPTURE_OF_THE_ACORN_THIEVES-[], TAX_RELIEF-[], THE_EVERDELL_GAMES-[], CROAK_WARE_CURE-[], AN_EVENING_OF_FIREWORKS-[], PATH_OF_THE_PILGRIMS-[], GREEN_PRODUCTION_EVENT-[], RED_DESTINATION_EVENT-[], BLUE_GOVERNANCE_EVENT-[], TAN_TRAVELER_EVENT-[], UNIVERSITY_DESTINATION-[], INN_DESTINATION-[]","(WIFE:1, SHOP_KEEPER:1, WANDERER:1, UNIVERSITY:1, HUSBAND:1, HISTORIAN:1)","(PEDDLER:1, BARD:1, POSTAL_PIGEON:2, RUINS:1, INNKEEPER:1, HUSBAND:1)","(PEDDLER:1, WANDERER:1, RUINS:1, MONK:2, WOOD_CARVER:1)","(CHIP_SWEEP:1, CRANE:2, WANDERER:1, ARCHITECT:1, SCHOOL:1, JUDGE:1, COURTHOUSE:1, BARGE_TOAD:3, MINER_MOLE:1, WIFE:1, GENERAL_STORE:1, SHOP_KEEPER:1, POSTAL_PIGEON:1, RESIN_REFINERY:1, INN:1, RUINS:1, FAIRGROUNDS:1, HISTORIAN:1)","(BERRY:2, TWIG:0, PEBBLE:0, RESIN:0)","(BERRY:2, TWIG:0, PEBBLE:0, RESIN:0)","(BERRY:1, TWIG:1, PEBBLE:1, RESIN:2)","(BERRY:3, TWIG:3, PEBBLE:1, RESIN:2)","(JOURNEY_5:1, TWO_RESIN:1, COPY_BASIC_LOCATION_DRAW_CARD:2, TWO_BERRY_ONE_CARD:2, TWO_WOOD_ONE_CARD:3, TWO_CARD_ONE_POINT:4, ONE_PEBBLE:1, JOURNEY_4:1, DRAW_TWO_MEADOW_CARDS_PLAY_ONE_DISCOUNT:2, JOURNEY_2:7)","(COPY_BASIC_LOCATION_DRAW_CARD:2, TWO_BERRY_ONE_CARD:2, TWO_CARD_ONE_POINT:4)","(TWO_RESIN:1, COPY_BASIC_LOCATION_DRAW_CARD:2, TWO_BERRY_ONE_CARD:4, HAVEN:1, TWO_WOOD_ONE_CARD:1, ONE_BERRY_ONE_CARD:1, TWO_CARD_ONE_POINT:4, DRAW_TWO_MEADOW_CARDS_PLAY_ONE_DISCOUNT:2)","(ONE_BERRY:1, COPY_BASIC_LOCATION_DRAW_CARD:3, TWO_BERRY_ONE_CARD:3, TAN_TRAVELER_EVENT:1, TWO_CARD_ONE_POINT:4)","(TAN_TRAVELER:1, RED_DESTINATION:1, PURPLE_PROSPERITY:1, BLUE_GOVERNANCE:2, GREEN_PRODUCTION:1)","(TAN_TRAVELER:4, BLUE_GOVERNANCE:1, GREEN_PRODUCTION:2)","(TAN_TRAVELER:2, GREEN_PRODUCTION:4)","(TAN_TRAVELER:3, PURPLE_PROSPERITY:3, RED_DESTINATION:1, BLUE_GOVERNANCE:6, GREEN_PRODUCTION:8)"
-1320747973,Everdell,0,GAME_OVER,355,105,4,10,"('HISTORIAN', 'CLOCK_TOWER', 'MINER_MOLE', 'BARGE_TOAD', 'WOOD_CARVER', 'HUSBAND', 'BARGE_TOAD', 'GENERAL_STORE', 'PEDDLER', 'SHOP_KEEPER')","('HUSBAND', 'WANDERER', 'WIFE', 'FAIRGROUNDS', 'POSTAL_PIGEON', 'BARD')","('MINER_MOLE', 'DUNGEON', 'JUDGE', 'DOCTOR', 'UNDERTAKER', 'WIFE', 'MONK')","('SCHOOL', 'CHIP_SWEEP', 'PEDDLER', 'THEATRE', 'ARCHITECT', 'BARD')","(1, 3, 2, 0)","(3, 1, 2, 0)","(0, 3, 1, 2)",37,37,44,34,"(THREE_WOOD-[0], TWO_WOOD_ONE_CARD-[], ONE_BERRY-[2], ONE_BERRY_ONE_CARD-[], ONE_PEBBLE-[], TWO_CARD_ONE_POINT-[1, 2, 3, 0], TWO_RESIN-[3], ONE_RESIN_ONE_CARD-[3], COPY_BASIC_LOCATION_DRAW_CARD-[1, 0], THREE_BERRY-[2, 3], TWO_RESIN_ONE_TWIG-[0], DRAW_TWO_MEADOW_CARDS_PLAY_ONE_DISCOUNT-[1, 2], HAVEN-[], JOURNEY_2-[1, 2, 2, 3, 1, 0], JOURNEY_3-[0], JOURNEY_4-[1], JOURNEY_5-[3], A_BRILLIANT_MARKETING_PLAN-[], PRISTINE_CHAPEL_CEILING-[], UNDER_NEW_MANAGEMENT-[], GRADUATION_OF_SCHOLARS-[], FLYING_DOCTOR_SERVICE-[], REMEMBERING_THE_FALLEN-[], MINISTERING_TO_MISCREANTS-[], ANCIENT_SCROLLS_DISCOVERED-[], PERFORMER_IN_RESIDENCE-[], THE_EVERDELL_GAMES-[], A_WELL_RUN_CITY-[], AN_EVENING_OF_FIREWORKS-[], GREEN_PRODUCTION_EVENT-[], RED_DESTINATION_EVENT-[], BLUE_GOVERNANCE_EVENT-[], TAN_TRAVELER_EVENT-[]","(DOCTOR:1, CRANE:1, WANDERER:1, ARCHITECT:1, THEATRE:1, BARGE_TOAD:1, MINER_MOLE:1)","(BARD:1, MONK:1)","(PEDDLER:1, WIFE:2, GENERAL_STORE:1, BARD:1, SHOP_KEEPER:1, POSTAL_PIGEON:1, UNDERTAKER:1, INNKEEPER:1, WOOD_CARVER:1, FAIRGROUNDS:1, BARGE_TOAD:1, HUSBAND:1)","(PEDDLER:2, CHIP_SWEEP:1, DUNGEON:1, CRANE:1, SCHOOL:1, CLOCK_TOWER:1, JUDGE:1, MINER_MOLE:1, HISTORIAN:1, HUSBAND:1)","(BERRY:3, TWIG:0, PEBBLE:0, RESIN:0)","(BERRY:3, TWIG:0, PEBBLE:1, RESIN:1)","(BERRY:1, TWIG:1, PEBBLE:1, RESIN:2)","(BERRY:0, TWIG:3, PEBBLE:1, RESIN:5)","(ONE_BERRY:1, JOURNEY_5:1, TWO_RESIN:1, COPY_BASIC_LOCATION_DRAW_CARD:2, DRAW_TWO_MEADOW_CARDS_PLAY_ONE_DISCOUNT:2, JOURNEY_2:6, JOURNEY_4:1, JOURNEY_3:1, ONE_RESIN_ONE_CARD:1, THREE_BERRY:2, TWO_CARD_ONE_POINT:4, TWO_RESIN_ONE_TWIG:1, THREE_WOOD:1)","(COPY_BASIC_LOCATION_DRAW_CARD:1, THREE_BERRY:2, ONE_BERRY_ONE_CARD:1, TWO_CARD_ONE_POINT:4)","(ONE_BERRY:2, TWO_RESIN:1, COPY_BASIC_LOCATION_DRAW_CARD:3, THREE_BERRY:3, TAN_TRAVELER_EVENT:1, TWO_CARD_ONE_POINT:4, TWO_RESIN_ONE_TWIG:1, ONE_PEBBLE:1)","(ONE_BERRY:1, COPY_BASIC_LOCATION_DRAW_CARD:1, THREE_BERRY:4, TWO_CARD_ONE_POINT:4, GREEN_PRODUCTION_EVENT:1, DRAW_TWO_MEADOW_CARDS_PLAY_ONE_DISCOUNT:1)","(TAN_TRAVELER:1, PURPLE_PROSPERITY:2, BLUE_GOVERNANCE:1, GREEN_PRODUCTION:3)","(TAN_TRAVELER:1, GREEN_PRODUCTION:1)","(PURPLE_PROSPERITY:2, TAN_TRAVELER:3, BLUE_GOVERNANCE:2, GREEN_PRODUCTION:6)","(PURPLE_PROSPERITY:1, BLUE_GOVERNANCE:5, GREEN_PRODUCTION:5)"
845271584,Everdell,0,GAME_OVER,399,115,4,11,"('FARM', 'CHIP_SWEEP', 'BARGE_TOAD', 'RESIN_REFINERY', 'CHIP_SWEEP', 'HISTORIAN', 'CLOCK_TOWER', 'FARM', 'BARGE_TOAD', 'TWIG_BARGE', 'INN', 'HUSBAND', 'MONK')","('MONK', 'MINE', 'ARCHITECT', 'MINER_MOLE')","('SCHOOL', 'ARCHITECT', 'SHEPHERD', 'JUDGE', 'PEDDLER', 'BARD', 'RUINS', 'WOOD_CARVER')","('TWIG_BARGE', 'STORE_HOUSE', 'STORE_HOUSE', 'COURTHOUSE', 'POSTAL_PIGEON', 'DOCTOR', 'MINER_MOLE', 'WIFE', 'WIFE', 'BARD', 'PEDDLER', 'RUINS')","(1, 2, 0, 3)","(1, 0, 2, 3)","(2, 0, 1, 3)",31,42,43,38,"(THREE_WOOD-[2], TWO_WOOD_ONE_CARD-[3], ONE_BERRY-[0], ONE_BERRY_ONE_CARD-[], ONE_PEBBLE-[3], TWO_CARD_ONE_POINT-[1, 2, 0, 3], TWO_RESIN-[1], ONE_RESIN_ONE_CARD-[], TWO_ANY-[0, 3], ONE_TWIG_ONE_RESIN_ONE_BERRY-[1, 2], COPY_BASIC_LOCATION_DRAW_CARD-[1, 0], THREE_BERRY-[2], HAVEN-[], JOURNEY_2-[1, 2, 2, 3, 0], JOURNEY_3-[1], JOURNEY_4-[0], JOURNEY_5-[3], UNDER_NEW_MANAGEMENT-[], GRADUATION_OF_SCHOLARS-[], ANCIENT_SCROLLS_DISCOVERED-[], MINISTERING_TO_MISCREANTS-[], REMEMBERING_THE_FALLEN-[], CAPTURE_OF_THE_ACORN_THIEVES-[], TAX_RELIEF-[], PERFORMER_IN_RESIDENCE-[], THE_EVERDELL_GAMES-[], A_WELL_RUN_CITY-[], AN_EVENING_OF_FIREWORKS-[], PATH_OF_THE_PILGRIMS-[], GREEN_PRODUCTION_EVENT-[], RED_DESTINATION_EVENT-[], BLUE_GOVERNANCE_EVENT-[], TAN_TRAVELER_EVENT-[], INN_DESTINATION-[], STORE_HOUSE_DESTINATION-[], STORE_HOUSE_DESTINATION-[]","(TWIG_BARGE:1, FARM:1, POSTAL_PIGEON:1, DOCTOR:1, ARCHITECT:1, JUDGE:1, COURTHOUSE:1, BARGE_TOAD:1)","(PEDDLER:1, WIFE:1, BARD:1, INNKEEPER:1, RUINS:1, MONK:1, MINER_MOLE:1)","(PEDDLER:1, WIFE:1, BARD:1, INN:1, RUINS:1, INNKEEPER:2, WOOD_CARVER:1, MINER_MOLE:1, HUSBAND:1)","(SHEPHERD:1, MINE:1, CHIP_SWEEP:2, FARM:1, CRANE:1, SCHOOL:1, ARCHITECT:1, CLOCK_TOWER:1, STORE_HOUSE:2, BARGE_TOAD:1, TWIG_BARGE:1, RESIN_REFINERY:1, MONK:1, HISTORIAN:1)","(BERRY:5, TWIG:0, PEBBLE:0, RESIN:0)","(BERRY:1, TWIG:2, PEBBLE:0, RESIN:1)","(BERRY:1, TWIG:0, PEBBLE:2, RESIN:2)","(BERRY:1, TWIG:6, PEBBLE:1, RESIN:5)","(TWO_ANY:2, ONE_BERRY:1, JOURNEY_5:1, TWO_RESIN:1, COPY_BASIC_LOCATION_DRAW_CARD:2, ONE_PEBBLE:1, JOURNEY_4:1, JOURNEY_2:5, JOURNEY_3:1, ONE_TWIG_ONE_RESIN_ONE_BERRY:2, THREE_BERRY:1, TWO_WOOD_ONE_CARD:1, TWO_CARD_ONE_POINT:4, THREE_WOOD:1)","(THREE_BERRY:3, ONE_BERRY_ONE_CARD:1, TWO_CARD_ONE_POINT:4)","(TWO_ANY:1, TWO_RESIN:1, ONE_RESIN_ONE_CARD:1, COPY_BASIC_LOCATION_DRAW_CARD:2, THREE_BERRY:3, TAN_TRAVELER_EVENT:1, ONE_BERRY_ONE_CARD:1, TWO_CARD_ONE_POINT:4, ONE_PEBBLE:1, GREEN_PRODUCTION_EVENT:1)","(ONE_TWIG_ONE_RESIN_ONE_BERRY:1, COPY_BASIC_LOCATION_DRAW_CARD:3, THREE_BERRY:2, TWO_WOOD_ONE_CARD:1, ONE_BERRY_ONE_CARD:1, TWO_CARD_ONE_POINT:4)","(TAN_TRAVELER:1, PURPLE_PROSPERITY:1, BLUE_GOVERNANCE:2, GREEN_PRODUCTION:4)","(PURPLE_PROSPERITY:1, TAN_TRAVELER:2, BLUE_GOVERNANCE:1, GREEN_PRODUCTION:3)","(PURPLE_PROSPERITY:1, RED_DESTINATION:1, TAN_TRAVELER:2, BLUE_GOVERNANCE:2, GREEN_PRODUCTION:4)","(PURPLE_PROSPERITY:2, TAN_TRAVELER:1, BLUE_GOVERNANCE:3, GREEN_PRODUCTION:10)"
-1010207512,Everdell,0,GAME_OVER,449,123,4,12,"('JUDGE', 'RESIN_REFINERY', 'INN', 'BARGE_TOAD', 'CHIP_SWEEP', 'CHIP_SWEEP', 'SHEPHERD', 'POSTAL_PIGEON', 'PEDDLER', 'RUINS', 'HUSBAND')","('UNIVERSITY', 'BARGE_TOAD', 'HISTORIAN', 'SCHOOL', 'BARGE_TOAD', 'TWIG_BARGE', 'PEDDLER', 'WANDERER', 'POSTAL_PIGEON', 'WIFE', 'MONK')","('FARM', 'POSTAL_PIGEON', 'SHOP_KEEPER', 'WANDERER', 'WOOD_CARVER', 'HUSBAND', 'MINER_MOLE', 'GENERAL_STORE', 'STORE_HOUSE', 'DOCTOR', 'UNIVERSITY', 'HISTORIAN')","('MINE', 'SHOP_KEEPER', 'FAIRGROUNDS', 'MONK', 'FARM', 'RESIN_REFINERY', 'MINER_MOLE', 'MINE', 'PEDDLER', 'RUINS', 'WIFE', 'WOOD_CARVER', 'BARD')","(1, 0, 2, 3)","(1, 3, 0, 2)","(1, 3, 0, 2)",42,31,42,36,"(THREE_WOOD-[], TWO_WOOD_ONE_CARD-[3], ONE_BERRY-[0], ONE_BERRY_ONE_CARD-[0], ONE_PEBBLE-[], TWO_CARD_ONE_POINT-[1, 2, 0, 3], TWO_RESIN-[], ONE_RESIN_ONE_CARD-[1], TWO_ANY-[0, 1], THREE_BERRY-[1, 2], DISCARD_CARD_DRAW_TWO_FOR_EACH_DISCARDED-[], DRAW_TWO_MEADOW_CARDS_PLAY_ONE_DISCOUNT-[3, 2], HAVEN-[3], JOURNEY_2-[1, 0, 1, 0, 3, 2], JOURNEY_3-[2], JOURNEY_4-[2], JOURNEY_5-[3], PRISTINE_CHAPEL_CEILING-[], GRADUATION_OF_SCHOLARS-[], UNDER_NEW_MANAGEMENT-[], ANCIENT_SCROLLS_DISCOVERED-[], MINISTERING_TO_MISCREANTS-[], FLYING_DOCTOR_SERVICE-[], REMEMBERING_THE_FALLEN-[], CAPTURE_OF_THE_ACORN_THIEVES-[], TAX_RELIEF-[], PERFORMER_IN_RESIDENCE-[], A_WELL_RUN_CITY-[], PATH_OF_THE_PILGRIMS-[], GREEN_PRODUCTION_EVENT-[], RED_DESTINATION_EVENT-[], BLUE_GOVERNANCE_EVENT-[], TAN_TRAVELER_EVENT-[], UNIVERSITY_DESTINATION-[], STORE_HOUSE_DESTINATION-[], INN_DESTINATION-[], UNIVERSITY_DESTINATION-[]","(PEDDLER:2, MINE:1, CHIP_SWEEP:1, TWIG_BARGE:1, FARM:1, RESIN_REFINERY:1, CRANE:1, SCHOOL:1, RUINS:1, BARGE_TOAD:2, HUSBAND:1, MINER_MOLE:2)","(BARD:1, CRANE:1, UNIVERSITY:1, INNKEEPER:1, MONK:1, HUSBAND:1, HISTORIAN:1)","(PEDDLER:1, SHEPHERD:1, CHIP_SWEEP:1, WIFE:2, GENERAL_STORE:1, POSTAL_PIGEON:2, DOCTOR:1, CRANE:1, WANDERER:1, INNKEEPER:1, RUINS:1, WOOD_CARVER:1, STORE_HOUSE:1)","(MINE:1, FARM:1, CRANE:1, UNIVERSITY:1, WANDERER:1, JUDGE:1, WOOD_CARVER:1, BARGE_TOAD:1, SHOP_KEEPER:2, POSTAL_PIGEON:1, RESIN_REFINERY:1, INN:1, INNKEEPER:1, MONK:1, FAIRGROUNDS:1, HISTORIAN:1)","(BERRY:4, TWIG:0, PEBBLE:1, RESIN:0)","(BERRY:2, TWIG:0, PEBBLE:0, RESIN:1)","(BERRY:1, TWIG:4, PEBBLE:2, RESIN:3)","(BERRY:0, TWIG:0, PEBBLE:2, RESIN:0)","(ONE_BERRY:1, JOURNEY_5:1, TWO_ANY:2, DRAW_TWO_MEADOW_CARDS_PLAY_ONE_DISCOUNT:2, JOURNEY_4:1, JOURNEY_2:6, JOURNEY_3:1, ONE_RESIN_ONE_CARD:1, THREE_BERRY:2, HAVEN:1, TWO_WOOD_ONE_CARD:1, ONE_BERRY_ONE_CARD:1, TWO_CARD_ONE_POINT:4)","(ONE_BERRY:1, THREE_BERRY:2, TWO_CARD_ONE_POINT:4, ONE_PEBBLE:1)","(TWO_RESIN:2, ONE_RESIN_ONE_CARD:1, THREE_BERRY:3, TWO_WOOD_ONE_CARD:2, ONE_BERRY_ONE_CARD:1, TWO_CARD_ONE_POINT:4, ONE_PEBBLE:1, DRAW_TWO_MEADOW_CARDS_PLAY_ONE_DISCOUNT:1, GREEN_PRODUCTION_EVENT:1)","(TWO_ANY:1, THREE_BERRY:2, HAVEN:1, TAN_TRAVELER_EVENT:1, DISCARD_CARD_DRAW_TWO_FOR_EACH_DISCARDED:1, TWO_CARD_ONE_POINT:4, ONE_PEBBLE:1, DRAW_TWO_MEADOW_CARDS_PLAY_ONE_DISCOUNT:1)","(PURPLE_PROSPERITY:1, TAN_TRAVELER:1, BLUE_GOVERNANCE:1, GREEN_PRODUCTION:12)","(RED_DESTINATION:1, TAN_TRAVELER:1, BLUE_GOVERNANCE:3, GREEN_PRODUCTION:2)","(PURPLE_PROSPERITY:2, TAN_TRAVELER:5, BLUE_GOVERNANCE:2, GREEN_PRODUCTION:6)","(TAN_TRAVELER:2, RED_DESTINATION:2, BLUE_GOVERNANCE:6, GREEN_PRODUCTION:7)"
528760787,Everdell,0,GAME_OVER,358,112,4,13,"('LOOKOUT', 'POSTAL_PIGEON', 'PEDDLER', 'HUSBAND', 'FARM', 'WANDERER', 'CHIP_SWEEP', 'WOOD_CARVER', 'WIFE', 'PEDDLER', 'RUINS')","('CEMETERY', 'SHOP_KEEPER', 'JUDGE', 'GENERAL_STORE', 'MINER_MOLE', 'MINE', 'WOOD_CARVER', 'UNIVERSITY')","('HISTORIAN', 'PEDDLER', 'GENERAL_STORE', 'MINE', 'RUINS', 'BARGE_TOAD', 'MONK')","('INN', 'WANDERER', 'BARGE_TOAD', 'WIFE', 'SCHOOL', 'ARCHITECT', 'POSTAL_PIGEON', 'WOOD_CARVER')","(2, 0, 1, 3)","(2, 1, 0, 3)","(1, 2, 3, 0)",31,30,36,27,"(THREE_WOOD-[1], TWO_WOOD_ONE_CARD-[3], ONE_BERRY-[], ONE_BERRY_ONE_CARD-[], ONE_PEBBLE-[2], TWO_CARD_ONE_POINT-[2, 0, 1, 3], TWO_RESIN-[3], ONE_RESIN_ONE_CARD-[2, 1], ONE_TWIG_ONE_RESIN_ONE_BERRY-[0, 2], COPY_BASIC_LOCATION_DRAW_CARD-[0], TWO_BERRY_ONE_CARD-[0, 3], DISCARD_CARD_DRAW_TWO_FOR_EACH_DISCARDED-[], HAVEN-[], JOURNEY_2-[0, 2, 1, 3, 0], JOURNEY_3-[2], JOURNEY_4-[1], JOURNEY_5-[3], A_BRILLIANT_MARKETING_PLAN-[], PRISTINE_CHAPEL_CEILING-[], GRADUATION_OF_SCHOLARS-[], UNDER_NEW_MANAGEMENT-[], ANCIENT_SCROLLS_DISCOVERED-[], CAPTURE_OF_THE_ACORN_THIEVES-[], TAX_RELIEF-[], PERFORMER_IN_RESIDENCE-[], CROAK_WARE_CURE-[], AN_EVENING_OF_FIREWORKS-[], A_WELL_RUN_CITY-[], PATH_OF_THE_PILGRIMS-[], GREEN_PRODUCTION_EVENT-[1], RED_DESTINATION_EVENT-[], BLUE_GOVERNANCE_EVENT-[], TAN_TRAVELER_EVENT-[], UNIVERSITY_DESTINATION-[], INN_DESTINATION-[], LOOKOUT_DESTINATION-[], CEMETERY_DESTINATION-[]","(MINE:1, WIFE:1, CRANE:1, SCHOOL:1, RUINS:1, WOOD_CARVER:2, BARGE_TOAD:2, MINER_MOLE:1)","(PEDDLER:1, RUINS:1, WOOD_CARVER:1)","(WIFE:1, POSTAL_PIGEON:1, CRANE:1, ARCHITECT:1, UNIVERSITY:1, INNKEEPER:1, MONK:1)","(PEDDLER:2, MINE:1, CHIP_SWEEP:1, FARM:1, WANDERER:2, CEMETERY:1, JUDGE:1, LOOKOUT:1, GENERAL_STORE:2, SHOP_KEEPER:1, POSTAL_PIGEON:1, INN:1, INNKEEPER:2, HUSBAND:1, HISTORIAN:1)","(BERRY:1, TWIG:0, PEBBLE:0, RESIN:0)","(BERRY:2, TWIG:1, PEBBLE:1, RESIN:2)","(BERRY:1, TWIG:3, PEBBLE:0, RESIN:4)","(BERRY:2, TWIG:3, PEBBLE:2, RESIN:1)","(JOURNEY_5:1, TWO_RESIN:1, COPY_BASIC_LOCATION_DRAW_CARD:1, TWO_BERRY_ONE_CARD:2, ONE_PEBBLE:1, GREEN_PRODUCTION_EVENT:1, JOURNEY_4:1, JOURNEY_2:5, JOURNEY_3:1, ONE_RESIN_ONE_CARD:2, ONE_TWIG_ONE_RESIN_ONE_BERRY:2, TWO_WOOD_ONE_CARD:1, TWO_CARD_ONE_POINT:4, THREE_WOOD:1)","(COPY_BASIC_LOCATION_DRAW_CARD:3, TWO_BERRY_ONE_CARD:1, TWO_CARD_ONE_POINT:4)","(TWO_RESIN:1, ONE_RESIN_ONE_CARD:1, ONE_TWIG_ONE_RESIN_ONE_BERRY:2, COPY_BASIC_LOCATION_DRAW_CARD:2, TWO_BERRY_ONE_CARD:3, HAVEN:1, TWO_WOOD_ONE_CARD:1, TWO_CARD_ONE_POINT:4, ONE_PEBBLE:1)","(TWO_RESIN:1, ONE_TWIG_ONE_RESIN_ONE_BERRY:1, COPY_BASIC_LOCATION_DRAW_CARD:3, TWO_BERRY_ONE_CARD:2, TWO_CARD_ONE_POINT:4, ONE_PEBBLE:1)","(PURPLE_PROSPERITY:2, TAN_TRAVELER:1, BLUE_GOVERNANCE:1, GREEN_PRODUCTION:6)","(TAN_TRAVELER:1, GREEN_PRODUCTION:2)","(PURPLE_PROSPERITY:2, TAN_TRAVELER:1, RED_DESTINATION:1, BLUE_GOVERNANCE:2, GREEN_PRODUCTION:1)","(RED_DESTINATION:3, TAN_TRAVELER:3, BLUE_GOVERNANCE:5, GREEN_PRODUCTION:8)"
1423618276,Everdell,0,GAME_OVER,384,119,4,14,"('PEDDLER', 'RUINS', 'SHEPHERD', 'MINER_MOLE', 'ARCHITECT', 'JUDGE', 'INN', 'MONK', 'MINE', 'PEDDLER', 'HISTORIAN', 'BARD', 'SHOP_KEEPER', 'COURTHOUSE', 'POSTAL_PIGEON')","('SCHOOL', 'RUINS', 'MINER_MOLE', 'RESIN_REFINERY', 'PEDDLER', 'FARM', 'RESIN_REFINERY', 'WIFE')","('BARGE_TOAD', 'HUSBAND', 'POSTAL_PIGEON', 'QUEEN', 'HISTORIAN', 'SHOP_KEEPER', 'GENERAL_STORE', 'WIFE', 'WANDERER', 'LOOKOUT', 'MONK')","('FOOL', 'WOOD_CARVER', 'BARGE_TOAD', 'WOOD_CARVER', 'WIFE', 'WIFE', 'STORE_HOUSE')","(0, 1, 3, 2)","(0, 1, 2, 3)","(2, 0, 1, 3)",35,42,20,37,"(THREE_WOOD-[], TWO_WOOD_ONE_CARD-[3, 0], ONE_BERRY-[3, 2], ONE_BERRY_ONE_CARD-[2], ONE_PEBBLE-[3], TWO_CARD_ONE_POINT-[0, 1, 3, 2], TWO_RESIN-[], ONE_RESIN_ONE_CARD-[2], TWO_ANY-[0], COPY_BASIC_LOCATION_DRAW_CARD-[0, 1], TWO_BERRY_ONE_CARD-[0], DISCARD_CARD_DRAW_TWO_FOR_EACH_DISCARDED-[], HAVEN-[], JOURNEY_2-[3, 1, 3, 2, 1, 1], JOURNEY_3-[2], JOURNEY_4-[0], JOURNEY_5-[1], A_BRILLIANT_MARKETING_PLAN-[], PRISTINE_CHAPEL_CEILING-[], GRADUATION_OF_SCHOLARS-[], ANCIENT_SCROLLS_DISCOVERED-[], FLYING_DOCTOR_SERVICE-[], MINISTERING_TO_MISCREANTS-[], CAPTURE_OF_THE_ACORN_THIEVES-[], PERFORMER_IN_RESIDENCE-[], THE_EVERDELL_GAMES-[], CROAK_WARE_CURE-[], AN_EVENING_OF_FIREWORKS-[], PATH_OF_THE_PILGRIMS-[], GREEN_PRODUCTION_EVENT-[], RED_DESTINATION_EVENT-[], BLUE_GOVERNANCE_EVENT-[], TAN_TRAVELER_EVENT-[], STORE_HOUSE_DESTINATION-[], LOOKOUT_DESTINATION-[], INN_DESTINATION-[], QUEEN_DESTINATION-[]","(PEDDLER:1, WIFE:1, GENERAL_STORE:1, FARM:1, SHOP_KEEPER:1, BARD:1, RESIN_REFINERY:1, WOOD_CARVER:1, BARGE_TOAD:1, HISTORIAN:2)","(WIFE:1, POSTAL_PIGEON:1, CRANE:1, STORE_HOUSE:1, COURTHOUSE:1)","(WIFE:2, SHOP_KEEPER:1, RESIN_REFINERY:1, CRANE:1, WANDERER:1, MONK:1, LOOKOUT:1)","(PEDDLER:2, SHEPHERD:1, MINE:1, QUEEN:1, FARM:1, ARCHITECT:1, SCHOOL:1, CEMETERY:1, JUDGE:1, WOOD_CARVER:1, BARGE_TOAD:1, MINER_MOLE:2, POSTAL_PIGEON:1, INN:1, INNKEEPER:1, RUINS:2, MONK:1, HUSBAND:1)","(BERRY:2, TWIG:0, PEBBLE:1, RESIN:0)","(BERRY:3, TWIG:0, PEBBLE:2, RESIN:1)","(BERRY:1, TWIG:1, PEBBLE:0, RESIN:2)","(BERRY:4, TWIG:3, PEBBLE:3, RESIN:3)","(ONE_BERRY:2, TWO_ANY:1, JOURNEY_5:1, COPY_BASIC_LOCATION_DRAW_CARD:2, TWO_BERRY_ONE_CARD:1, ONE_PEBBLE:1, JOURNEY_4:1, JOURNEY_2:6, JOURNEY_3:1, ONE_RESIN_ONE_CARD:1, TWO_WOOD_ONE_CARD:2, ONE_BERRY_ONE_CARD:1, TWO_CARD_ONE_POINT:4)","(COPY_BASIC_LOCATION_DRAW_CARD:1, TWO_BERRY_ONE_CARD:2, TWO_CARD_ONE_POINT:4, ONE_PEBBLE:1)","(TWO_ANY:2, ONE_BERRY:2, COPY_BASIC_LOCATION_DRAW_CARD:2, TWO_BERRY_ONE_CARD:2, HAVEN:1, BLUE_GOVERNANCE_EVENT:1, TWO_WOOD_ONE_CARD:1, TWO_CARD_ONE_POINT:4, GREEN_PRODUCTION_EVENT:1)","(TWO_ANY:1, COPY_BASIC_LOCATION_DRAW_CARD:2, TWO_BERRY_ONE_CARD:3, ONE_BERRY_ONE_CARD:1, TWO_CARD_ONE_POINT:4, ONE_PEBBLE:1)","(PURPLE_PROSPERITY:1, TAN_TRAVELER:1, BLUE_GOVERNANCE:3, GREEN_PRODUCTION:6)","(PURPLE_PROSPERITY:1, TAN_TRAVELER:1, BLUE_GOVERNANCE:2, GREEN_PRODUCTION:1)","(TAN_TRAVELER:1, RED_DESTINATION:1, PURPLE_PROSPERITY:2, BLUE_GOVERNANCE:2, GREEN_PRODUCTION:2)","(RED_DESTINATION:3, PURPLE_PROSPERITY:2, TAN_TRAVELER:4, BLUE_GOVERNANCE:2, GREEN_PRODUCTION:10)"
-1993070836,Everdell,0,GAME_OVER,369,108,4,15,"('DOCTOR', 'WANDERER', 'POSTAL_PIGEON', 'UNIVERSITY', 'FAIRGROUNDS', 'CHIP_SWEEP', 'RESIN_REFINERY', 'BARGE_TOAD', 'MINE', 'MINER_MOLE', 'MINE')","('HISTORIAN', 'GENERAL_STORE', 'SCHOOL', 'WOOD_CARVER', 'STORE_HOUSE', 'ARCHITECT')","('WOOD_CARVER', 'BARGE_TOAD', 'WIFE', 'HUSBAND', 'HISTORIAN', 'CLOCK_TOWER', 'RUINS')","('HUSBAND', 'FAIRGROUNDS', 'RUINS', 'UNDERTAKER', 'MINER_MOLE', 'MINE', 'WIFE', 'POSTAL_PIGEON', 'BARD')","(1, 0, 2, 3)","(0, 1, 2, 3)","(0, 2, 3, 1)",34,44,36,23,"(THREE_WOOD-[], TWO_WOOD_ONE_CARD-[], ONE_BERRY-[3], ONE_BERRY_ONE_CARD-[0], ONE_PEBBLE-[], TWO_CARD_ONE_POINT-[1, 0, 2, 3], TWO_RESIN-[], ONE_RESIN_ONE_CARD-[], TWO_ANY-[2], ONE_TWIG_ONE_RESIN_ONE_BERRY-[0, 1], THREE_CARDS_ONE_PEBBLE-[1, 2], DRAW_TWO_MEADOW_CARDS_PLAY_ONE_DISCOUNT-[3], HAVEN-[], JOURNEY_2-[1, 2, 0, 1, 2, 3, 2, 0], JOURNEY_3-[0], JOURNEY_4-[3], JOURNEY_5-[1], A_BRILLIANT_MARKETING_PLAN-[], PRISTINE_CHAPEL_CEILING-[], MINISTERING_TO_MISCREANTS-[], FLYING_DOCTOR_SERVICE-[], CAPTURE_OF_THE_ACORN_THIEVES-[], TAX_RELIEF-[], THE_EVERDELL_GAMES-[], PERFORMER_IN_RESIDENCE-[], CROAK_WARE_CURE-[], AN_EVENING_OF_FIREWORKS-[], A_WELL_RUN_CITY-[], PATH_OF_THE_PILGRIMS-[], GREEN_PRODUCTION_EVENT-[], RED_DESTINATION_EVENT-[], BLUE_GOVERNANCE_EVENT-[], TAN_TRAVELER_EVENT-[3], STORE_HOUSE_DESTINATION-[], UNIVERSITY_DESTINATION-[]","(MINE:1, CHIP_SWEEP:1, WIFE:1, RESIN_REFINERY:1, UNDERTAKER:1, MONASTERY:1, CRANE:1, SCHOOL:1, BARGE_TOAD:2)","(BARD:1, CRANE:1, ARCHITECT:1, INNKEEPER:1, RUINS:1, WOOD_CARVER:1, STORE_HOUSE:1)","(MINE:2, WIFE:1, POSTAL_PIGEON:1, CRANE:1, INNKEEPER:1, CLOCK_TOWER:1, HUSBAND:1, MINER_MOLE:2, HISTORIAN:1)","(GENERAL_STORE:1, POSTAL_PIGEON:1, DOCTOR:1, WANDERER:1, UNIVERSITY:1, INNKEEPER:1, RUINS:1, WOOD_CARVER:1, FAIRGROUNDS:2, HUSBAND:1, HISTORIAN:1)","(BERRY:1, TWIG:1, PEBBLE:1, RESIN:0)","(BERRY:3, TWIG:2, PEBBLE:1, RESIN:3)","(BERRY:1, TWIG:2, PEBBLE:0, RESIN:2)","(BERRY:3, TWIG:0, PEBBLE:6, RESIN:3)","(ONE_BERRY:1, TWO_ANY:1, JOURNEY_5:1, JOURNEY_3:1, ONE_TWIG_ONE_RESIN_ONE_BERRY:2, TAN_TRAVELER_EVENT:1, ONE_BERRY_ONE_CARD:1, TWO_CARD_ONE_POINT:4, THREE_CARDS_ONE_PEBBLE:2, DRAW_TWO_MEADOW_CARDS_PLAY_ONE_DISCOUNT:1, JOURNEY_4:1, JOURNEY_2:8)","(ONE_BERRY_ONE_CARD:1, TWO_CARD_ONE_POINT:4, THREE_CARDS_ONE_PEBBLE:1, THREE_WOOD:1, DRAW_TWO_MEADOW_CARDS_PLAY_ONE_DISCOUNT:1)","(TWO_ANY:2, TWO_RESIN:1, ONE_RESIN_ONE_CARD:1, ONE_TWIG_ONE_RESIN_ONE_BERRY:1, HAVEN:1, TWO_CARD_ONE_POINT:4, THREE_CARDS_ONE_PEBBLE:1, THREE_WOOD:1, GREEN_PRODUCTION_EVENT:1, DRAW_TWO_MEADOW_CARDS_PLAY_ONE_DISCOUNT:3)","(TWO_ANY:2, TWO_RESIN:1, ONE_TWIG_ONE_RESIN_ONE_BERRY:1, HAVEN:1, TWO_CARD_ONE_POINT:4, THREE_CARDS_ONE_PEBBLE:1, THREE_WOOD:1, DRAW_TWO_MEADOW_CARDS_PLAY_ONE_DISCOUNT:1)","(TAN_TRAVELER:1, RED_DESTINATION:1, PURPLE_PROSPERITY:2, BLUE_GOVERNANCE:1, GREEN_PRODUCTION:5)","(TAN_TRAVELER:2, PURPLE_PROSPERITY:1, BLUE_GOVERNANCE:2, GREEN_PRODUCTION:2)","(PURPLE_PROSPERITY:1, TAN_TRAVELER:1, BLUE_GOVERNANCE:4, GREEN_PRODUCTION:5)","(TAN_TRAVELER:3, RED_DESTINATION:1, BLUE_GOVERNANCE:2, GREEN_PRODUCTION:6)"
461299335,Everdell,0,GAME_OVER,389,119,4,16,"('MINE', 'RUINS', 'PEDDLER', 'WOOD_CARVER', 'STORE_HOUSE', 'SCHOOL', 'CHIP_SWEEP', 'RESIN_REFINERY', 'ARCHITECT')","('FOOL', 'WIFE', 'MONK', 'MINER_MOLE', 'FARM', 'INN', 'WOOD_CARVER', 'POSTAL_PIGEON', 'BARGE_TOAD', 'HISTORIAN', 'SHOP_KEEPER')","('CLOCK_TOWER', 'FARM', 'HISTORIAN', 'BARGE_TOAD', 'TWIG_BARGE', 'MONK', 'WIFE', 'UNIVERSITY', 'PEDDLER', 'RUINS')","('CLOCK_TOWER', 'BARGE_TOAD', 'SHOP_KEEPER', 'HUSBAND', 'GENERAL_STORE', 'HUSBAND', 'SCHOOL', 'WIFE', 'GENERAL_STORE', 'BARD')","(1, 0, 2, 3)","(1, 0, 2, 3)","(1, 3, 0, 2)",27,40,32,28,"(THREE_WOOD-[1], TWO_WOOD_ONE_CARD-[1, 3], ONE_BERRY-[0], ONE_BERRY_ONE_CARD-[1], ONE_PEBBLE-[3], TWO_CARD_ONE_POINT-[1, 0, 2, 3], TWO_RESIN-[], ONE_RESIN_ONE_CARD-[], TWO_CARDS_ONE_ANY-[2, 3], TWO_ANY-[3, 2], ONE_TWIG_ONE_RESIN_ONE_BERRY-[0, 2], DISCARD_UP_TO_THREE_GAIN_ONE_ANY_FOR_EACH_CARD_DISCARDED-[], HAVEN-[], JOURNEY_2-[1, 2, 0, 2, 3, 0], JOURNEY_3-[], JOURNEY_4-[0], JOURNEY_5-[1], A_BRILLIANT_MARKETING_PLAN-[], UNDER_NEW_MANAGEMENT-[], GRADUATION_OF_SCHOLARS-[], FLYING_DOCTOR_SERVICE-[], REMEMBERING_THE_FALLEN-[], MINISTERING_TO_MISCREANTS-[], TAX_RELIEF-[], THE_EVERDELL_GAMES-[], PERFORMER_IN_RESIDENCE-[], AN_EVENING_OF_FIREWORKS-[], A_WELL_RUN_CITY-[], PATH_OF_THE_PILGRIMS-[], GREEN_PRODUCTION_EVENT-[], RED_DESTINATION_EVENT-[], BLUE_GOVERNANCE_EVENT-[], TAN_TRAVELER_EVENT-[], UNIVERSITY_DESTINATION-[], INN_DESTINATION-[], STORE_HOUSE_DESTINATION-[]","(TWIG_BARGE:1, GENERAL_STORE:1, POSTAL_PIGEON:1, INN:1, SCHOOL:1, MONK:1, WOOD_CARVER:2, STORE_HOUSE:1, BARGE_TOAD:1, HUSBAND:1)","(PEDDLER:1, CHIP_SWEEP:1, BARD:1, SHOP_KEEPER:1, RESIN_REFINERY:1, CRANE:2, UNIVERSITY:1, ARCHITECT:1, INNKEEPER:1, RUINS:1)","(WIFE:2, GENERAL_STORE:1, SCHOOL:1, INNKEEPER:1, BARGE_TOAD:1, HISTORIAN:1)","(PEDDLER:1, MINE:1, FARM:2, CLOCK_TOWER:2, BARGE_TOAD:1, MINER_MOLE:1, WIFE:1, SHOP_KEEPER:1, RUINS:1, MONK:1, FAIRGROUNDS:1, HISTORIAN:1, HUSBAND:1)","(BERRY:2, TWIG:0, PEBBLE:2, RESIN:2)","(BERRY:2, TWIG:3, PEBBLE:1, RESIN:5)","(BERRY:2, TWIG:4, PEBBLE:0, RESIN:1)","(BERRY:4, TWIG:5, PEBBLE:0, RESIN:2)","(TWO_CARDS_ONE_ANY:2, TWO_ANY:2, ONE_BERRY:1, JOURNEY_5:1, ONE_TWIG_ONE_RESIN_ONE_BERRY:2, TWO_WOOD_ONE_CARD:2, ONE_BERRY_ONE_CARD:1, TWO_CARD_ONE_POINT:4, ONE_PEBBLE:1, THREE_WOOD:1, JOURNEY_2:6, JOURNEY_4:1)","(TWO_CARDS_ONE_ANY:1, TWO_ANY:1, ONE_BERRY_ONE_CARD:1, TWO_CARD_ONE_POINT:4, ONE_PEBBLE:1)","(TWO_CARDS_ONE_ANY:1, TWO_ANY:2, ONE_BERRY:1, TWO_RESIN:1, ONE_TWIG_ONE_RESIN_ONE_BERRY:1, DISCARD_UP_TO_THREE_GAIN_ONE_ANY_FOR_EACH_CARD_DISCARDED:2, HAVEN:1, TWO_WOOD_ONE_CARD:1, TWO_CARD_ONE_POINT:4, ONE_PEBBLE:1, GREEN_PRODUCTION_EVENT:1)","(ONE_BERRY:1, TWO_RESIN:1, ONE_TWIG_ONE_RESIN_ONE_BERRY:2, TWO_WOOD_ONE_CARD:1, ONE_BERRY_ONE_CARD:2, TWO_CARD_ONE_POINT:4, ONE_PEBBLE:1)","(RED_DESTINATION:1, PURPLE_PROSPERITY:1, TAN_TRAVELER:1, GREEN_PRODUCTION:8)","(RED_DESTINATION:1, PURPLE_PROSPERITY:1, TAN_TRAVELER:2, BLUE_GOVERNANCE:4, GREEN_PRODUCTION:3)","(PURPLE_PROSPERITY:3, BLUE_GOVERNANCE:2, GREEN_PRODUCTION:2)","(TAN_TRAVELER:1, PURPLE_PROSPERITY:1, BLUE_GOVERNANCE:4, GREEN_PRODUCTION:9)"
1911607172,Everdell,0,GAME_OVER,414,118,4,17,"('HUSBAND', 'FARM', 'TWIG_BARGE', 'FARM', 'BARGE_TOAD', 'TWIG_BARGE', 'WOOD_CARVER', 'STORE_HOUSE', 'MONK')","('RESIN_REFINERY', 'POSTAL_PIGEON', 'POSTAL_PIGEON', 'BARD', 'WIFE', 'HISTORIAN', 'SCHOOL', 'HUSBAND', 'WIFE', 'INN', 'RESIN_REFINERY', 'MONK', 'HUSBAND', 'SHOP_KEEPER')","('LOOKOUT', 'WIFE', 'WOOD_CARVER', 'CLOCK_TOWER', 'DOCTOR', 'BARGE_TOAD', 'BARGE_TOAD', 'UNDERTAKER', 'HISTORIAN', 'STORE_HOUSE', 'SHOP_KEEPER')","('JUDGE', 'PEDDLER', 'SHOP_KEEPER', 'CHIP_SWEEP', 'SHEPHERD', 'POSTAL_PIGEON', 'PEDDLER', 'WANDERER', 'GENERAL_STORE', 'RUINS')","(0, 2, 3, 1)","(0, 3, 2, 1)","(1, 0, 2, 3)",46,36,28,35,"(THREE_WOOD-[2], TWO_WOOD_ONE_CARD-[0, 3], ONE_BERRY-[1], ONE_BERRY_ONE_CARD-[1], ONE_PEBBLE-[0], TWO_CARD_ONE_POINT-[0, 2, 1, 3], TWO_RESIN-[0], ONE_RESIN_ONE_CARD-[], TWO_CARDS_ONE_ANY-[2], TWO_ANY-[], DISCARD_UP_TO_THREE_GAIN_ONE_ANY_FOR_EACH_CARD_DISCARDED-[], DRAW_TWO_MEADOW_CARDS_PLAY_ONE_DISCOUNT-[2, 3], HAVEN-[], JOURNEY_2-[0, 3, 1, 3, 2, 3], JOURNEY_3-[2], JOURNEY_4-[0], JOURNEY_5-[1], A_BRILLIANT_MARKETING_PLAN-[], GRADUATION_OF_SCHOLARS-[], UNDER_NEW_MANAGEMENT-[], ANCIENT_SCROLLS_DISCOVERED-[], REMEMBERING_THE_FALLEN-[], MINISTERING_TO_MISCREANTS-[], CAPTURE_OF_THE_ACORN_THIEVES-[], THE_EVERDELL_GAMES-[], PERFORMER_IN_RESIDENCE-[], CROAK_WARE_CURE-[], AN_EVENING_OF_FIREWORKS-[], A_WELL_RUN_CITY-[], GREEN_PRODUCTION_EVENT-[], RED_DESTINATION_EVENT-[], BLUE_GOVERNANCE_EVENT-[1], TAN_TRAVELER_EVENT-[], STORE_HOUSE_DESTINATION-[], STORE_HOUSE_DESTINATION-[], INN_DESTINATION-[], LOOKOUT_DESTINATION-[]","(PEDDLER:1, SHEPHERD:1, CHIP_SWEEP:1, WIFE:1, TWIG_BARGE:1, FARM:1, SHOP_KEEPER:1, POSTAL_PIGEON:1, SCHOOL:1, BARGE_TOAD:3, HUSBAND:1)","(SHOP_KEEPER:1, RUINS:1, MONK:1)","(PEDDLER:1, CRANE:2, WANDERER:1, WOOD_CARVER:1, STORE_HOUSE:2, GENERAL_STORE:1, SHOP_KEEPER:1, RESIN_REFINERY:1, UNDERTAKER:1, INN:1, INNKEEPER:1, MONK:1, HISTORIAN:1, HUSBAND:1)","(FARM:1, CRANE:1, WOOD_CARVER:1, CLOCK_TOWER:1, JUDGE:1, LOOKOUT:1, WIFE:2, TWIG_BARGE:1, BARD:1, POSTAL_PIGEON:2, RESIN_REFINERY:1, DOCTOR:1, INNKEEPER:2, HISTORIAN:1, HUSBAND:1)","(BERRY:4, TWIG:0, PEBBLE:1, RESIN:0)","(BERRY:1, TWIG:2, PEBBLE:2, RESIN:2)","(BERRY:3, TWIG:1, PEBBLE:0, RESIN:3)","(BERRY:0, TWIG:3, PEBBLE:2, RESIN:1)","(ONE_BERRY:1, JOURNEY_5:1, TWO_RESIN:1, BLUE_GOVERNANCE_EVENT:1, ONE_PEBBLE:1, DRAW_TWO_MEADOW_CARDS_PLAY_ONE_DISCOUNT:2, JOURNEY_2:6, JOURNEY_4:1, TWO_CARDS_ONE_ANY:1, JOURNEY_3:1, TWO_WOOD_ONE_CARD:2, ONE_BERRY_ONE_CARD:1, TWO_CARD_ONE_POINT:4, THREE_WOOD:1)","(ONE_BERRY:2, TWO_ANY:1, TWO_CARD_ONE_POINT:4, ONE_PEBBLE:1)","(ONE_BERRY:1, TWO_ANY:1, TWO_RESIN:1, ONE_RESIN_ONE_CARD:2, TWO_WOOD_ONE_CARD:1, TAN_TRAVELER_EVENT:1, ONE_BERRY_ONE_CARD:1, TWO_CARD_ONE_POINT:4, ONE_PEBBLE:1, GREEN_PRODUCTION_EVENT:1, DRAW_TWO_MEADOW_CARDS_PLAY_ONE_DISCOUNT:2)","(ONE_BERRY:1, DISCARD_UP_TO_THREE_GAIN_ONE_ANY_FOR_EACH_CARD_DISCARDED:2, HAVEN:1, TWO_WOOD_ONE_CARD:1, ONE_BERRY_ONE_CARD:1, TWO_CARD_ONE_POINT:4, DRAW_TWO_MEADOW_CARDS_PLAY_ONE_DISCOUNT:2)","(PURPLE_PROSPERITY:2, TAN_TRAVELER:2, BLUE_GOVERNANCE:1, GREEN_PRODUCTION:8)","(TAN_TRAVELER:1, BLUE_GOVERNANCE:1, GREEN_PRODUCTION:1)","(RED_DESTINATION:1, TAN_TRAVELER:2, BLUE_GOVERNANCE:5, GREEN_PRODUCTION:8)","(RED_DESTINATION:1, TAN_TRAVELER:3, PURPLE_PROSPERITY:2, BLUE_GOVERNANCE:6, GREEN_PRODUCTION:6)"
-1230679285,Everdell,0,GAME_OVER,486,119,4,18,"('SCHOOL', 'GENERAL_STORE', 'LOOKOUT', 'MONK', 'SHOP_KEEPER', 'WANDERER', 'WOOD_CARVER', 'CHIP_SWEEP', 'FAIRGROUNDS', 'POSTAL_PIGEON', 'RESIN_REFINERY', 'HUSBAND', 'RESIN_REFINERY', 'FARM', 'BARGE_TOAD', 'GENERAL_STORE', 'JUDGE')","('PEDDLER', 'FARM', 'BARGE_TOAD', 'HISTORIAN', 'HUSBAND', 'FARM', 'PEDDLER', 'RUINS', 'WOOD_CARVER')","('MINER_MOLE', 'GENERAL_STORE', 'HUSBAND', 'INN', 'SHEPHERD', 'BARD', 'THEATRE', 'POSTAL_PIGEON', 'JUDGE', 'WIFE')","('WIFE', 'FARM', 'CEMETERY', 'RUINS', 'MINE', 'POSTAL_PIGEON', 'CLOCK_TOWER', 'WANDERER', 'LOOKOUT', 'WOOD_CARVER', 'MINER_MOLE', 'MINE')","(2, 1, 3, 0)","(2, 0, 3, 1)","(2, 0, 1, 3)",35,46,37,40,"(THREE_WOOD-[], TWO_WOOD_ONE_CARD-[2], ONE_BERRY-[], ONE_BERRY_ONE_CARD-[], ONE_PEBBLE-[], TWO_CARD_ONE_POINT-[3, 1, 2, 0], TWO_RESIN-[], ONE_RESIN_ONE_CARD-[0], ONE_TWIG_ONE_RESIN_ONE_BERRY-[], THREE_CARDS_ONE_PEBBLE-[3, 1], TWO_RESIN_ONE_TWIG-[0], DRAW_TWO_MEADOW_CARDS_PLAY_ONE_DISCOUNT-[1, 2], HAVEN-[0], JOURNEY_2-[3, 0, 1, 3, 0, 2, 1, 3], JOURNEY_3-[2], JOURNEY_4-[1], JOURNEY_5-[3], A_BRILLIANT_MARKETING_PLAN-[], PRISTINE_CHAPEL_CEILING-[], ANCIENT_SCROLLS_DISCOVERED-[], FLYING_DOCTOR_SERVICE-[], MINISTERING_TO_MISCREANTS-[], REMEMBERING_THE_FALLEN-[], TAX_RELIEF-[], PERFORMER_IN_RESIDENCE-[], CROAK_WARE_CURE-[], AN_EVENING_OF_FIREWORKS-[], A_WELL_RUN_CITY-[], PATH_OF_THE_PILGRIMS-[], GREEN_PRODUCTION_EVENT-[], RED_DESTINATION_EVENT-[], BLUE_GOVERNANCE_EVENT-[], TAN_TRAVELER_EVENT-[2], LOOKOUT_DESTINATION-[], INN_DESTINATION-[], CEMETERY_DESTINATION-[], LOOKOUT_DESTINATION-[]","(MINE:1, CHIP_SWEEP:1, FARM:1, BARD:1, POSTAL_PIGEON:3, RESIN_REFINERY:2, CRANE:1, WOOD_CARVER:1, CLOCK_TOWER:1, FAIRGROUNDS:1, THEATRE:1, HISTORIAN:1, HUSBAND:1)","(MINE:1, WIFE:1, CRANE:1, INNKEEPER:2, WOOD_CARVER:1, JUDGE:1, MINER_MOLE:1)","(PEDDLER:1, FARM:1, GENERAL_STORE:1, WANDERER:1, RUINS:1, INNKEEPER:1, WOOD_CARVER:1, JUDGE:1, LOOKOUT:1, BARGE_TOAD:1, HUSBAND:1)","(PEDDLER:1, SHEPHERD:1, FARM:2, CRANE:1, SCHOOL:1, WANDERER:1, CEMETERY:2, LOOKOUT:1, BARGE_TOAD:1, MINER_MOLE:1, WIFE:1, GENERAL_STORE:2, SHOP_KEEPER:1, INN:1, RUINS:1, MONK:1, HUSBAND:1)","(BERRY:3, TWIG:2, PEBBLE:1, RESIN:2)","(BERRY:2, TWIG:2, PEBBLE:2, RESIN:1)","(BERRY:1, TWIG:3, PEBBLE:1, RESIN:2)","(BERRY:2, TWIG:2, PEBBLE:3, RESIN:3)","(JOURNEY_5:1, JOURNEY_3:1, ONE_RESIN_ONE_CARD:1, HAVEN:1, TWO_WOOD_ONE_CARD:1, TAN_TRAVELER_EVENT:1, TWO_CARD_ONE_POINT:4, TWO_RESIN_ONE_TWIG:1, THREE_CARDS_ONE_PEBBLE:2, DRAW_TWO_MEADOW_CARDS_PLAY_ONE_DISCOUNT:2, JOURNEY_2:8, JOURNEY_4:1)","(ONE_TWIG_ONE_RESIN_ONE_BERRY:2, HAVEN:1, TWO_CARD_ONE_POINT:4, ONE_PEBBLE:1)","(ONE_BERRY:1, ONE_RESIN_ONE_CARD:1, ONE_TWIG_ONE_RESIN_ONE_BERRY:1, TWO_WOOD_ONE_CARD:1, TWO_CARD_ONE_POINT:4, THREE_CARDS_ONE_PEBBLE:2, TWO_RESIN_ONE_TWIG:1, THREE_WOOD:1, DRAW_TWO_MEADOW_CARDS_PLAY_ONE_DISCOUNT:4)","(ONE_BERRY:1, ONE_TWIG_ONE_RESIN_ONE_BERRY:1, HAVEN:1, TWO_WOOD_ONE_CARD:1, TWO_CARD_ONE_POINT:4, GREEN_PRODUCTION_EVENT:1, DRAW_TWO_MEADOW_CARDS_PLAY_ONE_DISCOUNT:3)","(PURPLE_PROSPERITY:1, TAN_TRAVELER:4, BLUE_GOVERNANCE:3, GREEN_PRODUCTION:8)","(PURPLE_PROSPERITY:1, BLUE_GOVERNANCE:4, GREEN_PRODUCTION:3)","(RED_DESTINATION:1, TAN_TRAVELER:2, BLUE_GOVERNANCE:2, GREEN_PRODUCTION:6)","(PURPLE_PROSPERITY:2, RED_DESTINATION:4, TAN_TRAVELER:3, BLUE_GOVERNANCE:2, GREEN_PRODUCTION:9)"
829796891,Everdell,0,GAME_OVER,386,120,4,19,"('BARGE_TOAD', 'BARGE_TOAD', 'UNDERTAKER', 'CLOCK_TOWER', 'MINER_MOLE', 'WIFE', 'QUEEN', 'CHIP_SWEEP', 'GENERAL_STORE', 'PEDDLER', 'SHOP_KEEPER', 'FARM', 'WIFE', 'SHEPHERD', 'BARD')","('SCHOOL', 'JUDGE', 'POSTAL_PIGEON', 'MONK', 'HISTORIAN', 'INN', 'RESIN_REFINERY', 'PEDDLER', 'LOOKOUT', 'FAIRGROUNDS', 'POSTAL_PIGEON', 'WIFE')","('QUEEN', 'WANDERER', 'WANDERER', 'SHOP_KEEPER', 'INN', 'UNDERTAKER', 'CHIP_SWEEP')","('MONK', 'FARM', 'TWIG_BARGE', 'RUINS', 'RUINS', 'HUSBAND', 'WOOD_CARVER', 'DOCTOR', 'WOOD_CARVER')","(3, 2, 0, 1)","(0, 2, 3, 1)","(0, 3, 1, 2)",38,39,33,31,"(THREE_WOOD-[0], TWO_WOOD_ONE_CARD-[3, 1], ONE_BERRY-[2], ONE_BERRY_ONE_CARD-[], ONE_PEBBLE-[0], TWO_CARD_ONE_POINT-[3, 2, 0, 1], TWO_RESIN-[], ONE_RESIN_ONE_CARD-[1], TWO_ANY-[], TWO_CARDS_ONE_ANY-[0], THREE_BERRY-[2, 0], DRAW_TWO_MEADOW_CARDS_PLAY_ONE_DISCOUNT-[3, 1], HAVEN-[], JOURNEY_2-[3, 2, 1, 3, 1], JOURNEY_3-[3], JOURNEY_4-[2], JOURNEY_5-[0], A_BRILLIANT_MARKETING_PLAN-[], PRISTINE_CHAPEL_CEILING-[], GRADUATION_OF_SCHOLARS-[], UNDER_NEW_MANAGEMENT-[], ANCIENT_SCROLLS_DISCOVERED-[], FLYING_DOCTOR_SERVICE-[], CAPTURE_OF_THE_ACORN_THIEVES-[], TAX_RELIEF-[], PERFORMER_IN_RESIDENCE-[], AN_EVENING_OF_FIREWORKS-[], A_WELL_RUN_CITY-[], PATH_OF_THE_PILGRIMS-[], GREEN_PRODUCTION_EVENT-[], RED_DESTINATION_EVENT-[], BLUE_GOVERNANCE_EVENT-[], TAN_TRAVELER_EVENT-[2], LOOKOUT_DESTINATION-[], INN_DESTINATION-[], INN_DESTINATION-[], QUEEN_DESTINATION-[], QUEEN_DESTINATION-[]","(PEDDLER:1, QUEEN:1, CHIP_SWEEP:1, GENERAL_STORE:1, FARM:1, SHOP_KEEPER:2, WANDERER:1, INN:2, RUINS:1, MONK:1, HISTORIAN:1, HUSBAND:1)","(CHIP_SWEEP:1, WIFE:1, BARD:1, INNKEEPER:2, WOOD_CARVER:1)","(PEDDLER:1, SHEPHERD:1, WIFE:1, POSTAL_PIGEON:1, RESIN_REFINERY:1, DOCTOR:1, CRANE:1, UNDERTAKER:1, WOOD_CARVER:1, LOOKOUT:1, FAIRGROUNDS:1)","(QUEEN:1, FARM:1, SCHOOL:1, WANDERER:1, CLOCK_TOWER:1, JUDGE:1, BARGE_TOAD:2, MINER_MOLE:1, WIFE:1, TWIG_BARGE:1, POSTAL_PIGEON:1, RESIN_REFINERY:1, UNDERTAKER:1, INNKEEPER:1, RUINS:1, MONK:1)","(BERRY:4, TWIG:0, PEBBLE:0, RESIN:0)","(BERRY:3, TWIG:0, PEBBLE:1, RESIN:3)","(BERRY:2, TWIG:3, PEBBLE:2, RESIN:0)","(BERRY:2, TWIG:4, PEBBLE:0, RESIN:3)","(ONE_BERRY:1, JOURNEY_5:1, ONE_PEBBLE:1, DRAW_TWO_MEADOW_CARDS_PLAY_ONE_DISCOUNT:2, JOURNEY_2:5, JOURNEY_4:1, TWO_CARDS_ONE_ANY:1, JOURNEY_3:1, ONE_RESIN_ONE_CARD:1, THREE_BERRY:2, TAN_TRAVELER_EVENT:1, TWO_WOOD_ONE_CARD:2, TWO_CARD_ONE_POINT:4, THREE_WOOD:1)","(TWO_ANY:1, THREE_BERRY:2, ONE_BERRY_ONE_CARD:1, TWO_CARD_ONE_POINT:4)","(TWO_CARDS_ONE_ANY:2, ONE_BERRY:2, THREE_BERRY:4, TWO_WOOD_ONE_CARD:3, TWO_CARD_ONE_POINT:4, GREEN_PRODUCTION_EVENT:1)","(TWO_CARDS_ONE_ANY:1, TWO_ANY:2, ONE_RESIN_ONE_CARD:1, THREE_BERRY:3, TWO_CARD_ONE_POINT:4, ONE_PEBBLE:1)","(TAN_TRAVELER:2, RED_DESTINATION:3, BLUE_GOVERNANCE:3, GREEN_PRODUCTION:6)","(PURPLE_PROSPERITY:1, TAN_TRAVELER:1, BLUE_GOVERNANCE:2, GREEN_PRODUCTION:2)","(RED_DESTINATION:1, PURPLE_PROSPERITY:1, TAN_TRAVELER:3, BLUE_GOVERNANCE:1, GREEN_PRODUCTION:5)","(RED_DESTINATION:1, PURPLE_PROSPERITY:2, TAN_TRAVELER:4, BLUE_GOVERNANCE:3, GREEN_PRODUCTION:7)"
-223804654,Everdell,0,GAME_OVER,404,117,4,20,"('PEDDLER', 'MINER_MOLE', 'CEMETERY', 'RUINS', 'RUINS', 'HUSBAND', 'WANDERER', 'UNDERTAKER', 'WOOD_CARVER', 'WOOD_CARVER')","('INN', 'CHAPEL', 'POSTAL_PIGEON', 'POSTAL_PIGEON', 'STORE_HOUSE', 'POSTAL_PIGEON', 'WIFE', 'HISTORIAN', 'SHOP_KEEPER', 'GENERAL_STORE', 'WANDERER', 'HUSBAND')","('LOOKOUT', 'CLOCK_TOWER', 'SCHOOL', 'MINE', 'CHIP_SWEEP', 'RESIN_REFINERY', 'MINE', 'ARCHITECT', 'HISTORIAN')","('MONASTERY', 'TWIG_BARGE', 'WIFE', 'WOOD_CARVER', 'WIFE', 'JUDGE', 'HUSBAND', 'FARM', 'WIFE', 'PEDDLER', 'RUINS')","(0, 1, 2, 3)","(0, 2, 1, 3)","(0, 2, 1, 3)",30,27,28,39,"(THREE_WOOD-[2], TWO_WOOD_ONE_CARD-[2, 1, 3], ONE_BERRY-[0], ONE_BERRY_ONE_CARD-[3], ONE_PEBBLE-[], TWO_CARD_ONE_POINT-[0, 1, 2, 3], TWO_RESIN-[], ONE_RESIN_ONE_CARD-[], ONE_TWIG_ONE_RESIN_ONE_BERRY-[2], DISCARD_UP_TO_THREE_GAIN_ONE_ANY_FOR_EACH_CARD_DISCARDED-[], TWO_BERRY_ONE_CARD-[0, 1], DRAW_TWO_MEADOW_CARDS_PLAY_ONE_DISCOUNT-[3], HAVEN-[], JOURNEY_2-[0, 0, 0, 2, 2, 3, 1], JOURNEY_3-[3], JOURNEY_4-[1], JOURNEY_5-[], A_BRILLIANT_MARKETING_PLAN-[], PRISTINE_CHAPEL_CEILING-[], GRADUATION_OF_SCHOLARS-[], UNDER_NEW_MANAGEMENT-[], ANCIENT_SCROLLS_DISCOVERED-[], CAPTURE_OF_THE_ACORN_THIEVES-[], TAX_RELIEF-[], THE_EVERDELL_GAMES-[], PERFORMER_IN_RESIDENCE-[], AN_EVENING_OF_FIREWORKS-[], A_WELL_RUN_CITY-[], PATH_OF_THE_PILGRIMS-[], GREEN_PRODUCTION_EVENT-[], RED_DESTINATION_EVENT-[], BLUE_GOVERNANCE_EVENT-[], TAN_TRAVELER_EVENT-[1], STORE_HOUSE_DESTINATION-[], CHAPEL_DESTINATION-[], INN_DESTINATION-[], CEMETERY_DESTINATION-[], LOOKOUT_DESTINATION-[], MONASTERY_DESTINATION-[]","(MINE:1, WIFE:2, CHIP_SWEEP:1, POSTAL_PIGEON:1, RESIN_REFINERY:1, UNDERTAKER:1, STORE_HOUSE:1)","(PEDDLER:1, WIFE:1, INNKEEPER:1, RUINS:1, WOOD_CARVER:1, HUSBAND:1, HISTORIAN:1)","(MINE:1, FARM:1, GENERAL_STORE:1, SHOP_KEEPER:1, CRANE:3, ARCHITECT:1, WANDERER:1, UNIVERSITY:1, JUDGE:1, WOOD_CARVER:1, HISTORIAN:1, HUSBAND:1)","(PEDDLER:1, MONASTERY:1, SCHOOL:1, WANDERER:1, CEMETERY:1, CLOCK_TOWER:1, WOOD_CARVER:1, LOOKOUT:1, MINER_MOLE:1, WIFE:1, TWIG_BARGE:1, GENERAL_STORE:1, CHAPEL:1, POSTAL_PIGEON:2, INN:1, INNKEEPER:1, RUINS:2, HUSBAND:1)","(BERRY:4, TWIG:0, PEBBLE:0, RESIN:0)","(BERRY:2, TWIG:0, PEBBLE:3, RESIN:2)","(BERRY:0, TWIG:2, PEBBLE:0, RESIN:3)","(BERRY:2, TWIG:2, PEBBLE:3, RESIN:2)","(ONE_BERRY:1, JOURNEY_3:1, ONE_TWIG_ONE_RESIN_ONE_BERRY:1, TWO_BERRY_ONE_CARD:2, TWO_WOOD_ONE_CARD:3, TAN_TRAVELER_EVENT:1, ONE_BERRY_ONE_CARD:1, TWO_CARD_ONE_POINT:4, THREE_WOOD:1, DRAW_TWO_MEADOW_CARDS_PLAY_ONE_DISCOUNT:1, JOURNEY_4:1, JOURNEY_2:7)","(TWO_BERRY_ONE_CARD:3, ONE_BERRY_ONE_CARD:1, TWO_CARD_ONE_POINT:4)","(ONE_BERRY:2, TWO_RESIN:1, ONE_TWIG_ONE_RESIN_ONE_BERRY:1, TWO_BERRY_ONE_CARD:2, HAVEN:1, TWO_WOOD_ONE_CARD:1, ONE_BERRY_ONE_CARD:1, TWO_CARD_ONE_POINT:4, GREEN_PRODUCTION_EVENT:1, DRAW_TWO_MEADOW_CARDS_PLAY_ONE_DISCOUNT:2)","(TWO_RESIN:1, TWO_BERRY_ONE_CARD:3, HAVEN:2, TWO_CARD_ONE_POINT:4, ONE_PEBBLE:1, DRAW_TWO_MEADOW_CARDS_PLAY_ONE_DISCOUNT:1)","(PURPLE_PROSPERITY:2, TAN_TRAVELER:2, GREEN_PRODUCTION:4)","(PURPLE_PROSPERITY:1, TAN_TRAVELER:1, BLUE_GOVERNANCE:2, GREEN_PRODUCTION:3)","(PURPLE_PROSPERITY:1, TAN_TRAVELER:1, RED_DESTINATION:1, BLUE_GOVERNANCE:6, GREEN_PRODUCTION:5)","(PURPLE_PROSPERITY:2, RED_DESTINATION:5, TAN_TRAVELER:5, BLUE_GOVERNANCE:2, GREEN_PRODUCTION:6)"
-184944303,Everdell,0,GAME_OVER,346,114,4,21,"('HISTORIAN', 'THEATRE', 'SCHOOL', 'SHOP_KEEPER', 'BARD')","('SCHOOL', 'WANDERER', 'BARGE_TOAD', 'RUINS', 'PEDDLER', 'QUEEN', 'TWIG_BARGE', 'CHIP_SWEEP', 'SHOP_KEEPER', 'FARM', 'RESIN_REFINERY', 'PEDDLER', 'HUSBAND', 'WOOD_CARVER', 'POSTAL_PIGEON', 'UNIVERSITY', 'MONK')","('JUDGE', 'CHIP_SWEEP', 'RUINS', 'SHEPHERD', 'POSTAL_PIGEON', 'WIFE', 'HUSBAND')","('WOOD_CARVER', 'FAIRGROUNDS', 'WANDERER', 'INN', 'WIFE', 'FARM', 'DOCTOR')","(0, 2, 3, 1)","(2, 3, 0, 1)","(2, 3, 1, 0)",50,36,34,31,"(THREE_WOOD-[1], TWO_WOOD_ONE_CARD-[], ONE_BERRY-[], ONE_BERRY_ONE_CARD-[0], ONE_PEBBLE-[3], TWO_CARD_ONE_POINT-[0, 2, 3, 1], TWO_RESIN-[3], ONE_RESIN_ONE_CARD-[], ONE_TWIG_ONE_RESIN_ONE_BERRY-[3, 1], COPY_BASIC_LOCATION_DRAW_CARD-[0, 2], THREE_BERRY-[2, 1], DISCARD_CARD_DRAW_TWO_FOR_EACH_DISCARDED-[], HAVEN-[], JOURNEY_2-[3, 0, 1, 2, 3, 1, 2], JOURNEY_3-[0], JOURNEY_4-[2], JOURNEY_5-[0], A_BRILLIANT_MARKETING_PLAN-[], PRISTINE_CHAPEL_CEILING-[], UNDER_NEW_MANAGEMENT-[], FLYING_DOCTOR_SERVICE-[], ANCIENT_SCROLLS_DISCOVERED-[], REMEMBERING_THE_FALLEN-[], MINISTERING_TO_MISCREANTS-[], CAPTURE_OF_THE_ACORN_THIEVES-[], TAX_RELIEF-[], PERFORMER_IN_RESIDENCE-[], THE_EVERDELL_GAMES-[], PATH_OF_THE_PILGRIMS-[], GREEN_PRODUCTION_EVENT-[], RED_DESTINATION_EVENT-[], BLUE_GOVERNANCE_EVENT-[], TAN_TRAVELER_EVENT-[], UNIVERSITY_DESTINATION-[], INN_DESTINATION-[], QUEEN_DESTINATION-[]","(PEDDLER:1, SHEPHERD:1, CHIP_SWEEP:1, FARM:1, CRANE:1, WANDERER:1, SCHOOL:1, WIFE:2, POSTAL_PIGEON:1, RESIN_REFINERY:1, INN:1, RUINS:1, THEATRE:1, HUSBAND:1)","(SHOP_KEEPER:1, BARD:1, MONK:1)","(POSTAL_PIGEON:1, DOCTOR:1, CRANE:1, UNIVERSITY:1, WOOD_CARVER:1, HUSBAND:1)","(PEDDLER:1, QUEEN:1, CHIP_SWEEP:1, FARM:2, CRANE:1, SCHOOL:1, WANDERER:1, WOOD_CARVER:1, JUDGE:1, BARGE_TOAD:1, TWIG_BARGE:1, SHOP_KEEPER:1, RUINS:1, INNKEEPER:1, FAIRGROUNDS:1, HISTORIAN:1)","(BERRY:2, TWIG:0, PEBBLE:0, RESIN:0)","(BERRY:3, TWIG:1, PEBBLE:1, RESIN:1)","(BERRY:1, TWIG:1, PEBBLE:1, RESIN:2)","(BERRY:1, TWIG:2, PEBBLE:1, RESIN:2)","(JOURNEY_5:1, TWO_RESIN:1, JOURNEY_3:1, ONE_TWIG_ONE_RESIN_ONE_BERRY:2, COPY_BASIC_LOCATION_DRAW_CARD:2, THREE_BERRY:2, ONE_BERRY_ONE_CARD:1, TWO_CARD_ONE_POINT:4, ONE_PEBBLE:1, THREE_WOOD:1, JOURNEY_2:7, JOURNEY_4:1)","(COPY_BASIC_LOCATION_DRAW_CARD:2, THREE_BERRY:2, TWO_CARD_ONE_POINT:4)","(ONE_BERRY:3, TWO_RESIN:1, ONE_TWIG_ONE_RESIN_ONE_BERRY:2, THREE_BERRY:2, TAN_TRAVELER_EVENT:1, TWO_CARD_ONE_POINT:4, ONE_PEBBLE:1, THREE_WOOD:1, GREEN_PRODUCTION_EVENT:1)","(ONE_RESIN_ONE_CARD:1, COPY_BASIC_LOCATION_DRAW_CARD:2, THREE_BERRY:3, TWO_WOOD_ONE_CARD:1, TWO_CARD_ONE_POINT:4, ONE_PEBBLE:1)","(RED_DESTINATION:1, TAN_TRAVELER:4, PURPLE_PROSPERITY:4, BLUE_GOVERNANCE:1, GREEN_PRODUCTION:5)","(TAN_TRAVELER:1, BLUE_GOVERNANCE:1, GREEN_PRODUCTION:1)","(TAN_TRAVELER:1, RED_DESTINATION:1, BLUE_GOVERNANCE:1, GREEN_PRODUCTION:3)","(PURPLE_PROSPERITY:1, TAN_TRAVELER:2, RED_DESTINATION:1, BLUE_GOVERNANCE:5, GREEN_PRODUCTION:8)"
1949797151,Everdell,0,GAME_OVER,354,110,4,22,"('MINE', 'RUINS', 'MINER_MOLE', 'JUDGE', 'MONK')","('STORE_HOUSE', 'MINER_MOLE', 'WOOD_CARVER', 'WANDERER', 'LOOKOUT', 'HUSBAND', 'BARD')","('HISTORIAN', 'CHIP_SWEEP', 'QUEEN', 'SHEPHERD', 'POSTAL_PIGEON', 'RESIN_REFINERY', 'CHIP_SWEEP', 'RESIN_REFINERY', 'UNDERTAKER', 'MINER_MOLE', 'SHOP_KEEPER', 'WIFE')","('WANDERER', 'INN', 'WANDERER', 'HISTORIAN', 'SHOP_KEEPER', 'HUSBAND')","(3, 0, 2, 1)","(3, 2, 0, 1)","(2, 3, 0, 1)",37,31,29,40,"(THREE_WOOD-[3], TWO_WOOD_ONE_CARD-[1], ONE_BERRY-[2], ONE_BERRY_ONE_CARD-[3], ONE_PEBBLE-[2], TWO_CARD_ONE_POINT-[3, 0, 1, 2], TWO_RESIN-[], ONE_RESIN_ONE_CARD-[], COPY_BASIC_LOCATION_DRAW_CARD-[], THREE_BERRY-[], DISCARD_CARD_DRAW_TWO_FOR_EACH_DISCARDED-[], THREE_CARDS_ONE_PEBBLE-[0, 1], HAVEN-[], JOURNEY_2-[3, 0, 1, 3, 0, 1, 2, 1, 0], JOURNEY_3-[2], JOURNEY_4-[0], JOURNEY_5-[3], A_BRILLIANT_MARKETING_PLAN-[], PRISTINE_CHAPEL_CEILING-[], GRADUATION_OF_SCHOLARS-[], FLYING_DOCTOR_SERVICE-[], MINISTERING_TO_MISCREANTS-[], ANCIENT_SCROLLS_DISCOVERED-[], REMEMBERING_THE_FALLEN-[], CAPTURE_OF_THE_ACORN_THIEVES-[], TAX_RELIEF-[], PERFORMER_IN_RESIDENCE-[], A_WELL_RUN_CITY-[], PATH_OF_THE_PILGRIMS-[], GREEN_PRODUCTION_EVENT-[2], RED_DESTINATION_EVENT-[], BLUE_GOVERNANCE_EVENT-[], TAN_TRAVELER_EVENT-[], LOOKOUT_DESTINATION-[], INN_DESTINATION-[], STORE_HOUSE_DESTINATION-[], QUEEN_DESTINATION-[]","(SHOP_KEEPER:1, UNDERTAKER:1, INNKEEPER:1, WOOD_CARVER:1, JUDGE:1, HISTORIAN:1, MINER_MOLE:3)","(BARD:1, MONK:1, HUSBAND:1)","(WIFE:1, SHOP_KEEPER:1, CRANE:1, WANDERER:1, INNKEEPER:1, RUINS:1, LOOKOUT:1, HUSBAND:1)","(SHEPHERD:1, MINE:1, QUEEN:1, CHIP_SWEEP:2, POSTAL_PIGEON:1, RESIN_REFINERY:2, CRANE:2, INN:1, WANDERER:2, RUINS:1, STORE_HOUSE:1, HISTORIAN:1)","(BERRY:3, TWIG:0, PEBBLE:0, RESIN:0)","(BERRY:2, TWIG:0, PEBBLE:1, RESIN:0)","(BERRY:1, TWIG:1, PEBBLE:1, RESIN:2)","(BERRY:1, TWIG:2, PEBBLE:1, RESIN:2)","(ONE_BERRY:1, JOURNEY_5:1, JOURNEY_3:1, TWO_WOOD_ONE_CARD:1, ONE_BERRY_ONE_CARD:1, TWO_CARD_ONE_POINT:4, ONE_PEBBLE:1, THREE_CARDS_ONE_PEBBLE:2, THREE_WOOD:1, GREEN_PRODUCTION_EVENT:1, JOURNEY_2:9, JOURNEY_4:1)","(COPY_BASIC_LOCATION_DRAW_CARD:1, THREE_BERRY:2, ONE_BERRY_ONE_CARD:1, TWO_CARD_ONE_POINT:4)","(ONE_BERRY:1, TWO_RESIN:2, COPY_BASIC_LOCATION_DRAW_CARD:3, THREE_BERRY:3, TWO_WOOD_ONE_CARD:1, ONE_BERRY_ONE_CARD:1, TWO_CARD_ONE_POINT:4, ONE_PEBBLE:1)","(ONE_BERRY:1, COPY_BASIC_LOCATION_DRAW_CARD:3, THREE_BERRY:2, ONE_BERRY_ONE_CARD:1, TWO_CARD_ONE_POINT:4, THREE_CARDS_ONE_PEBBLE:1)","(TAN_TRAVELER:1, BLUE_GOVERNANCE:4, GREEN_PRODUCTION:4)","(TAN_TRAVELER:1, GREEN_PRODUCTION:2)","(RED_DESTINATION:1, TAN_TRAVELER:2, PURPLE_PROSPERITY:1, BLUE_GOVERNANCE:3, GREEN_PRODUCTION:1)","(RED_DESTINATION:2, TAN_TRAVELER:5, BLUE_GOVERNANCE:3, GREEN_PRODUCTION:6)"
-894463539,Everdell,0,GAME_OVER,361,117,4,23,"('BARGE_TOAD', 'SHOP_KEEPER', 'TWIG_BARGE', 'INN', 'HUSBAND', 'WOOD_CARVER', 'WIFE', 'HUSBAND')","('FARM', 'STORE_HOUSE', 'POSTAL_PIGEON', 'HUSBAND', 'DOCTOR', 'SHOP_KEEPER', 'POSTAL_PIGEON', 'WIFE', 'SCHOOL', 'WIFE', 'FARM', 'WANDERER', 'LOOKOUT')","('ARCHITECT', 'GENERAL_STORE', 'RESIN_REFINERY', 'RUINS', 'INN', 'MINER_MOLE', 'UNIVERSITY', 'CHIP_SWEEP', 'FAIRGROUNDS', 'MONK')","('FARM', 'RUINS', 'HISTORIAN', 'CLOCK_TOWER', 'THEATRE', 'BARGE_TOAD', 'BARD')","(2, 0, 1, 3)","(2, 0, 1, 3)","(1, 2, 0, 3)",39,28,30,31,"(THREE_WOOD-[], TWO_WOOD_ONE_CARD-[], ONE_BERRY-[1], ONE_BERRY_ONE_CARD-[1], ONE_PEBBLE-[], TWO_CARD_ONE_POINT-[2, 0, 1, 3], TWO_RESIN-[], ONE_RESIN_ONE_CARD-[3], DISCARD_UP_TO_THREE_GAIN_ONE_ANY_FOR_EACH_CARD_DISCARDED-[], THREE_BERRY-[2, 0], TWO_RESIN_ONE_TWIG-[2, 1], THREE_CARDS_ONE_PEBBLE-[2, 0], HAVEN-[3, 3], JOURNEY_2-[2, 2, 0, 0, 1, 3], JOURNEY_3-[3], JOURNEY_4-[1], JOURNEY_5-[], PRISTINE_CHAPEL_CEILING-[], GRADUATION_OF_SCHOLARS-[], UNDER_NEW_MANAGEMENT-[], REMEMBERING_THE_FALLEN-[], ANCIENT_SCROLLS_DISCOVERED-[], CAPTURE_OF_THE_ACORN_THIEVES-[], TAX_RELIEF-[], PERFORMER_IN_RESIDENCE-[], THE_EVERDELL_GAMES-[], AN_EVENING_OF_FIREWORKS-[], A_WELL_RUN_CITY-[], PATH_OF_THE_PILGRIMS-[], GREEN_PRODUCTION_EVENT-[0], RED_DESTINATION_EVENT-[], BLUE_GOVERNANCE_EVENT-[], TAN_TRAVELER_EVENT-[], LOOKOUT_DESTINATION-[], UNIVERSITY_DESTINATION-[], INN_DESTINATION-[], INN_DESTINATION-[], STORE_HOUSE_DESTINATION-[]","(CHIP_SWEEP:1, CRANE:2, UNIVERSITY:1, SCHOOL:2, CLOCK_TOWER:1, WIFE:1, TWIG_BARGE:1, SHOP_KEEPER:1, POSTAL_PIGEON:1, DOCTOR:1, INN:1, HISTORIAN:1, HUSBAND:1)","(BARD:1, HUSBAND:1)","(WIFE:2, FARM:1, CRANE:1, WANDERER:1, WOOD_CARVER:1, MONK:1, THEATRE:1, FAIRGROUNDS:1, LOOKOUT:1, BARGE_TOAD:1)","(MINE:1, FARM:2, ARCHITECT:1, STORE_HOUSE:1, BARGE_TOAD:1, MINER_MOLE:1, GENERAL_STORE:1, SHOP_KEEPER:1, POSTAL_PIGEON:1, RESIN_REFINERY:1, INN:1, RUINS:2, INNKEEPER:1, HUSBAND:1)","(BERRY:2, TWIG:0, PEBBLE:2, RESIN:0)","(BERRY:2, TWIG:4, PEBBLE:1, RESIN:2)","(BERRY:2, TWIG:3, PEBBLE:2, RESIN:0)","(BERRY:0, TWIG:3, PEBBLE:0, RESIN:2)","(ONE_BERRY:1, JOURNEY_3:1, ONE_RESIN_ONE_CARD:1, THREE_BERRY:2, HAVEN:2, ONE_BERRY_ONE_CARD:1, TWO_CARD_ONE_POINT:4, THREE_CARDS_ONE_PEBBLE:2, TWO_RESIN_ONE_TWIG:2, JOURNEY_4:1, GREEN_PRODUCTION_EVENT:1, JOURNEY_2:6)","(THREE_BERRY:2, TWO_CARD_ONE_POINT:4, ONE_PEBBLE:1, THREE_CARDS_ONE_PEBBLE:1)","(ONE_BERRY:1, DISCARD_UP_TO_THREE_GAIN_ONE_ANY_FOR_EACH_CARD_DISCARDED:2, THREE_BERRY:3, HAVEN:2, TWO_CARD_ONE_POINT:4, THREE_CARDS_ONE_PEBBLE:2, TWO_RESIN_ONE_TWIG:1, THREE_WOOD:1)","(ONE_BERRY:1, THREE_BERRY:2, TWO_WOOD_ONE_CARD:1, TWO_CARD_ONE_POINT:4, ONE_PEBBLE:1, TWO_RESIN_ONE_TWIG:2, THREE_WOOD:1)","(TAN_TRAVELER:1, RED_DESTINATION:2, PURPLE_PROSPERITY:3, BLUE_GOVERNANCE:5, GREEN_PRODUCTION:4)","(TAN_TRAVELER:1, GREEN_PRODUCTION:1)","(TAN_TRAVELER:1, RED_DESTINATION:1, PURPLE_PROSPERITY:3, BLUE_GOVERNANCE:1, GREEN_PRODUCTION:5)","(PURPLE_PROSPERITY:1, TAN_TRAVELER:3, RED_DESTINATION:1, BLUE_GOVERNANCE:2, GREEN_PRODUCTION:9)"
-119486437,Everdell,0,GAME_OVER,387,108,4,24,"('BARGE_TOAD', 'BARGE_TOAD', 'HISTORIAN', 'WIFE', 'WOOD_CARVER')","('CLOCK_TOWER', 'MINE', 'SCHOOL', 'HUSBAND', 'UNIVERSITY', 'WIFE', 'WIFE')","('BARD', 'GENERAL_STORE', 'FARM', 'ARCHITECT', 'WANDERER', 'SHOP_KEEPER', 'UNDERTAKER', 'MINE', 'FARM', 'TWIG_BARGE', 'CHIP_SWEEP', 'PEDDLER', 'RUINS', 'PEDDLER', 'JUDGE', 'CHIP_SWEEP')","('RUINS', 'WANDERER', 'WOOD_CARVER', 'MONK', 'HISTORIAN', 'SHOP_KEEPER')","(0, 3, 1, 2)","(0, 2, 3, 1)","(3, 0, 1, 2)",33,28,30,39,"(THREE_WOOD-[1], TWO_WOOD_ONE_CARD-[], ONE_BERRY-[], ONE_BERRY_ONE_CARD-[], ONE_PEBBLE-[1], TWO_CARD_ONE_POINT-[0, 3, 1, 2], TWO_RESIN-[3], ONE_RESIN_ONE_CARD-[2], TWO_CARDS_ONE_ANY-[0], COPY_BASIC_LOCATION_DRAW_CARD-[0, 3], THREE_BERRY-[2], DRAW_TWO_MEADOW_CARDS_PLAY_ONE_DISCOUNT-[1, 2], HAVEN-[], JOURNEY_2-[0, 3, 1, 3, 1, 0], JOURNEY_3-[3], JOURNEY_4-[0], JOURNEY_5-[2], A_BRILLIANT_MARKETING_PLAN-[], PRISTINE_CHAPEL_CEILING-[], GRADUATION_OF_SCHOLARS-[], ANCIENT_SCROLLS_DISCOVERED-[], FLYING_DOCTOR_SERVICE-[], MINISTERING_TO_MISCREANTS-[], REMEMBERING_THE_FALLEN-[], TAX_RELIEF-[], PERFORMER_IN_RESIDENCE-[], THE_EVERDELL_GAMES-[], AN_EVENING_OF_FIREWORKS-[], A_WELL_RUN_CITY-[], GREEN_PRODUCTION_EVENT-[2], RED_DESTINATION_EVENT-[], BLUE_GOVERNANCE_EVENT-[], TAN_TRAVELER_EVENT-[], UNIVERSITY_DESTINATION-[]","(PEDDLER:2, CHIP_SWEEP:1, TWIG_BARGE:1, SCHOOL:1, WANDERER:1, RUINS:1, WOOD_CARVER:1, BARGE_TOAD:1, HUSBAND:1, HISTORIAN:1)","(CHIP_SWEEP:1, WIFE:2, INNKEEPER:1, WOOD_CARVER:1)","(WIFE:1, SHOP_KEEPER:1, CRANE:1, UNIVERSITY:1, MONK:1, JUDGE:1, HISTORIAN:1)","(MINE:2, GENERAL_STORE:1, FARM:2, BARD:1, SHOP_KEEPER:1, CRANE:1, UNDERTAKER:1, ARCHITECT:1, WANDERER:1, RUINS:1, CLOCK_TOWER:1, BARGE_TOAD:1)","(BERRY:3, TWIG:0, PEBBLE:0, RESIN:0)","(BERRY:2, TWIG:0, PEBBLE:1, RESIN:0)","(BERRY:0, TWIG:3, PEBBLE:1, RESIN:1)","(BERRY:1, TWIG:3, PEBBLE:2, RESIN:4)","(JOURNEY_5:1, TWO_RESIN:1, COPY_BASIC_LOCATION_DRAW_CARD:2, ONE_PEBBLE:1, DRAW_TWO_MEADOW_CARDS_PLAY_ONE_DISCOUNT:2, GREEN_PRODUCTION_EVENT:1, JOURNEY_4:1, JOURNEY_2:6, TWO_CARDS_ONE_ANY:1, JOURNEY_3:1, ONE_RESIN_ONE_CARD:1, THREE_BERRY:1, TWO_CARD_ONE_POINT:4, THREE_WOOD:1)","(ONE_BERRY:2, COPY_BASIC_LOCATION_DRAW_CARD:1, THREE_BERRY:2, TWO_CARD_ONE_POINT:3)","(ONE_BERRY:2, TWO_RESIN:1, COPY_BASIC_LOCATION_DRAW_CARD:2, THREE_BERRY:3, ONE_BERRY_ONE_CARD:1, TWO_CARD_ONE_POINT:4, THREE_WOOD:1, DRAW_TWO_MEADOW_CARDS_PLAY_ONE_DISCOUNT:2)","(ONE_BERRY:1, COPY_BASIC_LOCATION_DRAW_CARD:3, THREE_BERRY:2, ONE_BERRY_ONE_CARD:1, TWO_CARD_ONE_POINT:4, ONE_PEBBLE:1)","(PURPLE_PROSPERITY:1, TAN_TRAVELER:2, BLUE_GOVERNANCE:1, GREEN_PRODUCTION:7)","(PURPLE_PROSPERITY:2, BLUE_GOVERNANCE:1, GREEN_PRODUCTION:2)","(RED_DESTINATION:1, PURPLE_PROSPERITY:1, BLUE_GOVERNANCE:4, GREEN_PRODUCTION:1)","(PURPLE_PROSPERITY:1, TAN_TRAVELER:4, BLUE_GOVERNANCE:3, GREEN_PRODUCTION:6)"
-354170150,Everdell,0,GAME_OVER,353,107,4,25,"('LOOKOUT', 'HISTORIAN', 'SHOP_KEEPER', 'WOOD_CARVER', 'HUSBAND', 'FARM', 'RESIN_REFINERY', 'WOOD_CARVER')","('INN', 'UNDERTAKER', 'HISTORIAN', 'CLOCK_TOWER', 'WIFE')","('PEDDLER', 'HUSBAND', 'FARM', 'SHOP_KEEPER', 'WOOD_CARVER', 'STORE_HOUSE', 'CHIP_SWEEP', 'HUSBAND', 'RESIN_REFINERY', 'UNDERTAKER', 'FARM', 'TWIG_BARGE', 'PEDDLER', 'MONK')","('RESIN_REFINERY', 'RUINS', 'DOCTOR')","(3, 1, 0, 2)","(1, 3, 0, 2)","(0, 1, 3, 2)",32,32,30,33,"(THREE_WOOD-[], TWO_WOOD_ONE_CARD-[], ONE_BERRY-[0, 2], ONE_BERRY_ONE_CARD-[0], ONE_PEBBLE-[], TWO_CARD_ONE_POINT-[3, 1, 0], TWO_RESIN-[], ONE_RESIN_ONE_CARD-[2], TWO_ANY-[3, 0], COPY_BASIC_LOCATION_DRAW_CARD-[3, 1], DISCARD_CARD_DRAW_TWO_FOR_EACH_DISCARDED-[2], TWO_RESIN_ONE_TWIG-[2], HAVEN-[1, 2], JOURNEY_2-[3, 1, 3, 1, 0, 1, 2], JOURNEY_3-[0], JOURNEY_4-[3], JOURNEY_5-[], A_BRILLIANT_MARKETING_PLAN-[], PRISTINE_CHAPEL_CEILING-[], UNDER_NEW_MANAGEMENT-[], FLYING_DOCTOR_SERVICE-[], MINISTERING_TO_MISCREANTS-[], REMEMBERING_THE_FALLEN-[], TAX_RELIEF-[], THE_EVERDELL_GAMES-[], PERFORMER_IN_RESIDENCE-[], CROAK_WARE_CURE-[], A_WELL_RUN_CITY-[], PATH_OF_THE_PILGRIMS-[], GREEN_PRODUCTION_EVENT-[], RED_DESTINATION_EVENT-[], BLUE_GOVERNANCE_EVENT-[], TAN_TRAVELER_EVENT-[], STORE_HOUSE_DESTINATION-[], INN_DESTINATION-[], LOOKOUT_DESTINATION-[]","(CHIP_SWEEP:1, SHOP_KEEPER:1, RESIN_REFINERY:1, DOCTOR:1, CRANE:1, UNDERTAKER:1, WOOD_CARVER:2, CLOCK_TOWER:1, STORE_HOUSE:1, HUSBAND:1, HISTORIAN:1)",(MONK:1),"(PEDDLER:1, WIFE:1, TWIG_BARGE:1, FARM:2, RESIN_REFINERY:1, INNKEEPER:1, WOOD_CARVER:1, HUSBAND:1)","(PEDDLER:1, FARM:1, SHOP_KEEPER:1, RESIN_REFINERY:1, UNDERTAKER:1, INN:1, RUINS:1, LOOKOUT:1, HUSBAND:1, HISTORIAN:1)","(BERRY:2, TWIG:0, PEBBLE:0, RESIN:0)","(BERRY:2, TWIG:3, PEBBLE:2, RESIN:2)","(BERRY:1, TWIG:1, PEBBLE:1, RESIN:0)","(BERRY:1, TWIG:0, PEBBLE:1, RESIN:3)","(ONE_BERRY:2, TWO_ANY:2, JOURNEY_3:1, ONE_RESIN_ONE_CARD:1, COPY_BASIC_LOCATION_DRAW_CARD:2, HAVEN:2, DISCARD_CARD_DRAW_TWO_FOR_EACH_DISCARDED:1, ONE_BERRY_ONE_CARD:1, TWO_CARD_ONE_POINT:3, TWO_RESIN_ONE_TWIG:1, JOURNEY_4:1, JOURNEY_2:7)","(TWO_ANY:1, COPY_BASIC_LOCATION_DRAW_CARD:2, ONE_BERRY_ONE_CARD:1, TWO_CARD_ONE_POINT:4)","(TWO_ANY:2, ONE_BERRY:2, COPY_BASIC_LOCATION_DRAW_CARD:3, ONE_BERRY_ONE_CARD:1, TWO_CARD_ONE_POINT:4, ONE_PEBBLE:2, THREE_WOOD:1, GREEN_PRODUCTION_EVENT:1)","(TWO_ANY:2, TWO_RESIN:1, COPY_BASIC_LOCATION_DRAW_CARD:2, HAVEN:1, ONE_BERRY_ONE_CARD:1, TWO_CARD_ONE_POINT:4, THREE_WOOD:1)","(TAN_TRAVELER:1, BLUE_GOVERNANCE:4, GREEN_PRODUCTION:7)",(GREEN_PRODUCTION:1),"(PURPLE_PROSPERITY:1, BLUE_GOVERNANCE:1, GREEN_PRODUCTION:7)","(RED_DESTINATION:2, TAN_TRAVELER:2, BLUE_GOVERNANCE:2, GREEN_PRODUCTION:4)"
1674641362,Everdell,0,GAME_OVER,328,106,4,26,"('FOOL', 'BARGE_TOAD', 'UNDERTAKER', 'HISTORIAN', 'MONK')","('MONK', 'HUSBAND', 'HISTORIAN', 'CLOCK_TOWER', 'WOOD_CARVER', 'STORE_HOUSE')","('PEDDLER', 'SHOP_KEEPER', 'CHIP_SWEEP', 'GENERAL_STORE', 'HISTORIAN', 'WOOD_CARVER', 'FARM', 'WOOD_CARVER', 'WIFE', 'UNIVERSITY', 'POSTAL_PIGEON')","('FARM', 'BARD', 'HUSBAND', 'FARM', 'WIFE', 'WIFE')","(0, 1, 2, 3)","(3, 0, 2, 1)","(3, 0, 2, 1)",32,25,25,35,"(THREE_WOOD-[], TWO_WOOD_ONE_CARD-[3], ONE_BERRY-[2, 3], ONE_BERRY_ONE_CARD-[], ONE_PEBBLE-[2], TWO_CARD_ONE_POINT-[0, 1, 2, 3], TWO_RESIN-[], ONE_RESIN_ONE_CARD-[], COPY_BASIC_LOCATION_DRAW_CARD-[0, 2], TWO_BERRY_ONE_CARD-[0, 1], DISCARD_CARD_DRAW_TWO_FOR_EACH_DISCARDED-[], TWO_RESIN_ONE_TWIG-[3], HAVEN-[1], JOURNEY_2-[0, 2, 0, 3, 1, 2, 3], JOURNEY_3-[1], JOURNEY_4-[], JOURNEY_5-[0], PRISTINE_CHAPEL_CEILING-[], UNDER_NEW_MANAGEMENT-[], GRADUATION_OF_SCHOLARS-[], MINISTERING_TO_MISCREANTS-[], FLYING_DOCTOR_SERVICE-[], ANCIENT_SCROLLS_DISCOVERED-[], TAX_RELIEF-[], PERFORMER_IN_RESIDENCE-[], THE_EVERDELL_GAMES-[], CROAK_WARE_CURE-[], A_WELL_RUN_CITY-[], PATH_OF_THE_PILGRIMS-[], GREEN_PRODUCTION_EVENT-[1], RED_DESTINATION_EVENT-[], BLUE_GOVERNANCE_EVENT-[], TAN_TRAVELER_EVENT-[], UNIVERSITY_DESTINATION-[], STORE_HOUSE_DESTINATION-[]","(WIFE:1, FARM:2, BARD:1, CRANE:1, UNDERTAKER:1, INNKEEPER:1, WOOD_CARVER:1, HUSBAND:2)","(POSTAL_PIGEON:1, CRANE:1, UNIVERSITY:1, WOOD_CARVER:1, MONK:1, STORE_HOUSE:1)","(WIFE:2, INNKEEPER:1, WOOD_CARVER:1, CLOCK_TOWER:1, HISTORIAN:2)","(PEDDLER:1, CHIP_SWEEP:1, FARM:1, GENERAL_STORE:1, SHOP_KEEPER:1, MONK:1, BARGE_TOAD:1, HISTORIAN:1)","(BERRY:4, TWIG:0, PEBBLE:1, RESIN:0)","(BERRY:1, TWIG:1, PEBBLE:0, RESIN:1)","(BERRY:2, TWIG:1, PEBBLE:1, RESIN:1)","(BERRY:2, TWIG:2, PEBBLE:1, RESIN:1)","(ONE_BERRY:2, JOURNEY_5:1, JOURNEY_3:1, COPY_BASIC_LOCATION_DRAW_CARD:2, TWO_BERRY_ONE_CARD:2, HAVEN:1, TWO_WOOD_ONE_CARD:1, TWO_CARD_ONE_POINT:4, TWO_RESIN_ONE_TWIG:1, ONE_PEBBLE:1, GREEN_PRODUCTION_EVENT:1, JOURNEY_2:7)","(ONE_BERRY:1, TWO_BERRY_ONE_CARD:1, ONE_BERRY_ONE_CARD:1, TWO_CARD_ONE_POINT:4, ONE_PEBBLE:1)","(ONE_BERRY:1, COPY_BASIC_LOCATION_DRAW_CARD:4, TWO_BERRY_ONE_CARD:3, TWO_WOOD_ONE_CARD:2, ONE_BERRY_ONE_CARD:1, TWO_CARD_ONE_POINT:4, ONE_PEBBLE:1)","(TWO_RESIN:1, COPY_BASIC_LOCATION_DRAW_CARD:2, TWO_BERRY_ONE_CARD:3, TWO_CARD_ONE_POINT:4, ONE_PEBBLE:1, THREE_WOOD:1)","(TAN_TRAVELER:2, PURPLE_PROSPERITY:1, BLUE_GOVERNANCE:2, GREEN_PRODUCTION:5)","(RED_DESTINATION:1, TAN_TRAVELER:1, BLUE_GOVERNANCE:1, GREEN_PRODUCTION:3)","(PURPLE_PROSPERITY:2, BLUE_GOVERNANCE:4, GREEN_PRODUCTION:1)","(BLUE_GOVERNANCE:2, GREEN_PRODUCTION:6)"
